{
  "Q1": {
    "query_id": "1",
    "status": "success",
    "execution_time": 354.79978799819946,
    "token_usage": 32541896,
    "money_cost": 11.49737,
    "row_count": 13938,
    "model_name": "gemini-2.5-flash",
    "concurrent_llm_worker": 20,
    "precision": 0.5264743865690917,
    "recall": 0.9574634655532359,
    "f1_score": 0.6793815387464124
  },
  "Q2": {
    "query_id": "2",
    "status": "success",
    "execution_time": 49.42352318763733,
    "token_usage": 113139,
    "money_cost": 0.0951765,
    "row_count": 223,
    "model_name": "gemini-2.5-flash",
    "concurrent_llm_worker": 20,
    "precision": 0.04035874439461883,
    "recall": 1.0,
    "f1_score": 0.07758620689655173
  },
  "Q3": {
    "query_id": "3",
    "status": "success",
    "execution_time": 58.390254974365234,
    "token_usage": 27278830,
    "money_cost": 8.4035764,
    "row_count": 10,
    "model_name": "gemini-2.5-flash",
    "concurrent_llm_worker": 20,
    "precision": 1.0,
    "recall": 1.0,
    "f1_score": 1.0
  },
  "Q4": {
    "query_id": "4",
    "status": "success",
    "execution_time": 435.9490568637848,
    "token_usage": 31754666,
    "money_cost": 11.259254,
    "row_count": 1,
    "model_name": "gemini-2.5-flash",
    "concurrent_llm_worker": 20,
    "relative_error": 0.004969120059873935,
    "absolute_error": 0.06681387213006929,
    "mean_absolute_percentage_error": 0.49691200598739355
  },
  "Q5": {
    "query_id": "5",
    "status": "success",
    "execution_time": 142.21204829216003,
    "token_usage": 44477494,
    "money_cost": 13.7561354,
    "row_count": 1,
    "model_name": "gemini-2.5-flash",
    "concurrent_llm_worker": 20,
    "relative_error": 0.7272727272727273,
    "absolute_error": 16.0,
    "mean_absolute_percentage_error": 72.72727272727273
  },
  "Q6": {
    "query_id": "6",
    "status": "success",
    "execution_time": 127.67969989776611,
    "token_usage": 50181237,
    "money_cost": 15.7896243,
    "row_count": 14876,
    "model_name": "gemini-2.5-flash",
    "concurrent_llm_worker": 20,
    "precision": 0.9573810164022587,
    "recall": 0.9639907946392311,
    "f1_score": 0.9606745362563238
  },
  "Q7": {
    "query_id": "7",
    "status": "success",
    "execution_time": 565.7714412212372,
    "token_usage": 83798984,
    "money_cost": 27.3253468,
    "row_count": 103818,
    "model_name": "gemini-2.5-flash",
    "concurrent_llm_worker": 20,
    "precision": 0.2954786260571384,
    "recall": 0.9641083663335219,
    "f1_score": 0.45232829042437106
  },
  "Q8": {
    "query_id": "8",
    "status": "success",
    "execution_time": 60.40631699562073,
    "token_usage": 27359742,
    "money_cost": 8.4277356,
    "row_count": 100,
    "model_name": "gemini-2.5-flash",
    "concurrent_llm_worker": 20,
    "precision": 0.26,
    "recall": 0.26,
    "f1_score": 0.26
  },
  "Q9": {
    "query_id": "9",
    "status": "success",
    "execution_time": 23.34235906600952,
    "token_usage": 768959,
    "money_cost": 0.2563097,
    "row_count": 104,
    "model_name": "gemini-2.5-flash",
    "concurrent_llm_worker": 20,
    "precision": 0.019230769230769232,
    "recall": 1.0,
    "f1_score": 0.03773584905660378
  },
  "Q10": {
    "query_id": "10",
    "status": "success",
    "execution_time": 367.30251383781433,
    "token_usage": 50953500,
    "money_cost": 16.3138482,
    "row_count": 157269,
    "model_name": "gemini-2.5-flash",
    "concurrent_llm_worker": 20,
    "precision": 0.18955537291822908,
    "recall": 0.19433223152187082,
    "f1_score": 0.1804600446900714
  }
}