{
  "Q1": {
    "query_id": "1",
    "status": "success",
    "execution_time": 798.6864268779755,
    "money_cost": 5.331554099999872,
    "row_count": 2992,
    "model_name": "gemini-2.5-flash",
    "concurrent_llm_worker": 20,
    "precision": 0.6153074866310161,
    "recall": 0.9583550234252993,
    "f1_score": 0.7494402605332791
  },
  "Q10": {
    "query_id": "10",
    "status": "success",
    "execution_time": 1011.5451683998108,
    "money_cost": 11.13909960000004,
    "row_count": 39315,
    "model_name": "gemini-2.5-flash",
    "concurrent_llm_worker": 20,
    "precision": 0.5225820119010691,
    "recall": 0.5472722808909921,
    "f1_score": 0.5050245130742428
  },
  "Q2": {
    "query_id": "2",
    "status": "success",
    "execution_time": 14.014406681060791,
    "money_cost": 0.009210000000000006,
    "row_count": 4,
    "model_name": "gemini-2.5-flash",
    "concurrent_llm_worker": 20,
    "precision": 0.0,
    "recall": 0.0,
    "f1_score": 0.0
  },
  "Q3": {
    "query_id": "3",
    "status": "success",
    "execution_time": 3.8552122116088867,
    "money_cost": 0.0101538,
    "row_count": 10,
    "model_name": "gemini-2.5-flash",
    "concurrent_llm_worker": 20,
    "precision": 1.0,
    "recall": 1.0,
    "f1_score": 1.0
  },
  "Q4": {
    "query_id": "4",
    "status": "success",
    "execution_time": 824.2556872367859,
    "money_cost": 5.272581599999937,
    "row_count": 1,
    "model_name": "gemini-2.5-flash",
    "concurrent_llm_worker": 20,
    "relative_error": 0.0019193130470897366,
    "absolute_error": 0.0259296518750034,
    "mean_absolute_percentage_error": 0.19193130470897365
  },
  "Q5": {
    "query_id": "5",
    "status": "success",
    "execution_time": 5.97782039642334,
    "money_cost": 0.020437800000000006,
    "row_count": 1,
    "model_name": "gemini-2.5-flash",
    "concurrent_llm_worker": 20,
    "relative_error": 0.0,
    "absolute_error": 0.0,
    "mean_absolute_percentage_error": 0.0
  },
  "Q6": {
    "query_id": "6",
    "status": "success",
    "execution_time": 570.4377639293671,
    "money_cost": 5.11053130000006,
    "row_count": 3848,
    "model_name": "gemini-2.5-flash",
    "concurrent_llm_worker": 20,
    "precision": 0.954002079002079,
    "recall": 0.9758107389686337,
    "f1_score": 0.9647831800262813
  },
  "Q7": {
    "query_id": "7",
    "status": "success",
    "execution_time": 1274.9534459114075,
    "money_cost": 9.384895199999988,
    "row_count": 17757,
    "model_name": "gemini-2.5-flash",
    "concurrent_llm_worker": 20,
    "precision": 0.4034465281297516,
    "recall": 0.8951643133824816,
    "f1_score": 0.5562111801242235
  },
  "Q8": {
    "query_id": "8",
    "status": "success",
    "execution_time": 416.3720180988312,
    "money_cost": 4.0460435999999556,
    "row_count": 100,
    "model_name": "gemini-2.5-flash",
    "concurrent_llm_worker": 20,
    "precision": 0.28,
    "recall": 0.28,
    "f1_score": 0.28
  },
  "Q9": {
    "query_id": "9",
    "status": "success",
    "execution_time": 394.1486277580261,
    "money_cost": 4.095410700000126,
    "row_count": 14,
    "model_name": "gemini-2.5-flash",
    "concurrent_llm_worker": 20,
    "precision": 0.0,
    "recall": 0.0,
    "f1_score": 0.0
  }
}