{
  "Q1": {
    "query_id": "1",
    "status": "success",
    "execution_time": 8.02589225769043,
    "token_usage": 6680.0,
    "money_cost": 0.0027146000000000006,
    "row_count": 1,
    "model_name": "gemini-2.5-flash",
    "concurrent_llm_worker": 20,
    "precision": 1.0,
    "recall": 1.0,
    "f1_score": 1.0
  },
  "Q2a": {
    "query_id": "2a",
    "status": "success",
    "execution_time": 249.00637245178223,
    "token_usage": 6306006.0,
    "money_cost": 1.9261218000000042,
    "row_count": 6,
    "model_name": "gemini-2.5-flash",
    "concurrent_llm_worker": 20,
    "precision": 0.8333333333333334,
    "recall": 1.0,
    "f1_score": 0.9090909090909091
  },
  "Q2b": {
    "query_id": "2b",
    "status": "success",
    "execution_time": 244.96960926055908,
    "token_usage": 6314994.0,
    "money_cost": 1.929055799999961,
    "row_count": 6,
    "model_name": "gemini-2.5-flash",
    "concurrent_llm_worker": 20,
    "precision": 0.8333333333333334,
    "recall": 1.0,
    "f1_score": 0.9090909090909091
  },
  "Q3a": {
    "query_id": "3a",
    "status": "success",
    "execution_time": 11.561134338378906,
    "token_usage": 132029.0,
    "money_cost": 0.04224869999999996,
    "row_count": 20,
    "model_name": "gemini-2.5-flash",
    "concurrent_llm_worker": 20,
    "precision": 0.6,
    "recall": 0.9230769230769231,
    "f1_score": 0.7272727272727274
  },
  "Q3f": {
    "query_id": "3f",
    "status": "success",
    "execution_time": 9.913893938064575,
    "token_usage": 132029.0,
    "money_cost": 0.04224869999999999,
    "row_count": 4,
    "model_name": "gemini-2.5-flash",
    "concurrent_llm_worker": 20,
    "precision": 0.75,
    "recall": 1.0,
    "f1_score": 0.8571428571428571
  },
  "Q4": {
    "query_id": "4",
    "status": "success",
    "execution_time": 2.9009246826171875,
    "token_usage": 12394.0,
    "money_cost": 0.0047764,
    "row_count": 24,
    "model_name": "gemini-2.5-flash",
    "concurrent_llm_worker": 20,
    "precision": 0.5476190476190477,
    "recall": 0.5897435897435898,
    "f1_score": 0.5679012345679013
  },
  "Q5": {
    "query_id": "5",
    "status": "failed",
    "execution_time": 0.0,
    "error": "'MemoryDataset' object has no attribute 'sem_agg'",
    "row_count": 0,
    "model_name": "gemini-2.5-flash",
    "concurrent_llm_worker": 20,
    "precision": 0.0,
    "recall": 0.0,
    "f1_score": 0.0
  },
  "Q6a": {
    "query_id": "6a",
    "status": "success",
    "execution_time": 10.210765600204468,
    "token_usage": 96719.0,
    "money_cost": 0.031655699999999995,
    "row_count": 1,
    "model_name": "gemini-2.5-flash",
    "concurrent_llm_worker": 20,
    "precision": 1.0,
    "recall": 1.0,
    "f1_score": 1.0
  },
  "Q6b": {
    "query_id": "6b",
    "status": "success",
    "execution_time": 9.719557285308838,
    "token_usage": 96719.0,
    "money_cost": 0.031655699999999974,
    "row_count": 1,
    "model_name": "gemini-2.5-flash",
    "concurrent_llm_worker": 20,
    "precision": 1.0,
    "recall": 1.0,
    "f1_score": 1.0
  },
  "Q6c": {
    "query_id": "6c",
    "status": "success",
    "execution_time": 10.46973443031311,
    "token_usage": 96719.0,
    "money_cost": 0.03165569999999998,
    "row_count": 7,
    "model_name": "gemini-2.5-flash",
    "concurrent_llm_worker": 20,
    "precision": 0.7142857142857143,
    "recall": 1.0,
    "f1_score": 0.8333333333333333
  },
  "Q7": {
    "query_id": "7",
    "status": "success",
    "execution_time": 7584.9671103954315,
    "token_usage": 191352786.0,
    "money_cost": 58.46180940000332,
    "row_count": 80,
    "model_name": "gemini-2.5-flash",
    "concurrent_llm_worker": 20,
    "precision": 0.12195121951219512,
    "recall": 1.0,
    "f1_score": 0.21739130434782605
  }
}