{
  "Q1": {
    "query_id": "1",
    "status": "success",
    "execution_time": 2.0543036460876465,
    "token_usage": 3746.0,
    "money_cost": 0.0012294000000000003,
    "row_count": 5,
    "model_name": "gemini-2.5-flash",
    "concurrent_llm_worker": 20,
    "precision": 1.0,
    "recall": 1.0,
    "f1_score": 1.0
  },
  "Q10": {
    "query_id": "10",
    "status": "success",
    "execution_time": 174.55414247512817,
    "token_usage": 3991000.0,
    "money_cost": 1.514060400000008,
    "row_count": 151,
    "model_name": "gemini-2.5-flash",
    "concurrent_llm_worker": 20,
    "spearman_correlation": 0.4266981401872941,
    "kendall_tau": 0.29468795925356384
  },
  "Q2": {
    "query_id": "2",
    "status": "success",
    "execution_time": 119.86839079856873,
    "token_usage": 16307.0,
    "money_cost": 0.0053541000000000005,
    "row_count": 5,
    "model_name": "gemini-2.5-flash",
    "concurrent_llm_worker": 20,
    "precision": 1.0,
    "recall": 1.0,
    "f1_score": 1.0
  },
  "Q3": {
    "query_id": "3",
    "status": "success",
    "execution_time": 13.964928388595581,
    "token_usage": 27990.0,
    "money_cost": 0.009188999999999998,
    "row_count": 1,
    "model_name": "gemini-2.5-flash",
    "concurrent_llm_worker": 20,
    "relative_error": 0.5714285714285714,
    "absolute_error": 8.0,
    "mean_absolute_percentage_error": 57.14285714285714
  },
  "Q4": {
    "query_id": "4",
    "status": "success",
    "execution_time": 14.716309309005737,
    "token_usage": 46830.0,
    "money_cost": 0.018801,
    "row_count": 1,
    "model_name": "gemini-2.5-flash",
    "concurrent_llm_worker": 20,
    "relative_error": 0.3571428656578064,
    "absolute_error": 0.04166666716337204,
    "mean_absolute_percentage_error": 35.71428656578064
  },
  "Q5": {
    "query_id": "5",
    "status": "success",
    "execution_time": 3.4052734375,
    "token_usage": 38540.0,
    "money_cost": 0.012222,
    "row_count": 10,
    "model_name": "gemini-2.5-flash",
    "concurrent_llm_worker": 20,
    "precision": 0.6666666666666666,
    "recall": 0.6,
    "f1_score": 0.631578947368421
  },
  "Q6": {
    "query_id": "6",
    "status": "success",
    "execution_time": 3.1888434886932373,
    "token_usage": 38440.0,
    "money_cost": 0.012192000000000001,
    "row_count": 10,
    "model_name": "gemini-2.5-flash",
    "concurrent_llm_worker": 20,
    "precision": 0.875,
    "recall": 0.7,
    "f1_score": 0.7777777777777777
  },
  "Q7": {
    "query_id": "7",
    "status": "success",
    "execution_time": 1523.918776512146,
    "token_usage": 24582144.0,
    "money_cost": 7.807180799999713,
    "row_count": 12324,
    "model_name": "gemini-2.5-flash",
    "concurrent_llm_worker": 20,
    "precision": 0.8103837471783296,
    "recall": 0.43866080156402737,
    "f1_score": 0.5692088156017124
  },
  "Q8": {
    "query_id": "8",
    "status": "success",
    "execution_time": 17.910167932510376,
    "token_usage": 46230.0,
    "money_cost": 0.018621000000000013,
    "row_count": 2,
    "model_name": "gemini-2.5-flash",
    "concurrent_llm_worker": 20,
    "relative_error": 0.16172506738544473,
    "absolute_error": 8.0,
    "mean_absolute_percentage_error": 16.172506738544474
  },
  "Q9": {
    "query_id": "9",
    "status": "success",
    "execution_time": 6.059524059295654,
    "token_usage": 131852.0,
    "money_cost": 0.04969319999999996,
    "row_count": 256,
    "model_name": "gemini-2.5-flash",
    "concurrent_llm_worker": 20,
    "spearman_correlation": 0.7861907000421336,
    "kendall_tau": 0.6957127141505507
  }
}