{
  "Q1": {
    "query_id": "1",
    "status": "success",
    "execution_time": 305.7435245513916,
    "token_usage": 16259200,
    "money_cost": 5.748552999999999,
    "row_count": 6556,
    "model_name": "gemini-2.5-flash",
    "concurrent_llm_worker": 20,
    "precision": 0.5581147040878585,
    "recall": 0.956101384896786,
    "f1_score": 0.704805932774728
  },
  "Q10": {
    "query_id": "10",
    "status": "success",
    "execution_time": 287.63027572631836,
    "token_usage": 33077807,
    "money_cost": 10.7929361,
    "row_count": 78635,
    "model_name": "gemini-2.5-flash",
    "concurrent_llm_worker": 20,
    "precision": 0.5872153110356474,
    "recall": 0.6402519248854979,
    "f1_score": 0.5735709608124928
  },
  "Q2": {
    "query_id": "2",
    "status": "success",
    "execution_time": 24.203308820724487,
    "token_usage": 56700,
    "money_cost": 0.04806,
    "row_count": 102,
    "model_name": "gemini-2.5-flash",
    "concurrent_llm_worker": 20,
    "precision": 0.0392156862745098,
    "recall": 1.0,
    "f1_score": 0.07547169811320754
  },
  "Q3": {
    "query_id": "3",
    "status": "success",
    "execution_time": 55.164289474487305,
    "token_usage": 21980100,
    "money_cost": 6.760064,
    "row_count": 10,
    "model_name": "gemini-2.5-flash",
    "concurrent_llm_worker": 20,
    "precision": 1.0,
    "recall": 1.0,
    "f1_score": 1.0
  },
  "Q4": {
    "query_id": "4",
    "status": "success",
    "execution_time": 287.124888420105,
    "token_usage": 15866682,
    "money_cost": 5.632243,
    "row_count": 1,
    "model_name": "gemini-2.5-flash",
    "concurrent_llm_worker": 20,
    "relative_error": 0.005532372983480788,
    "absolute_error": 0.07457901440375103,
    "mean_absolute_percentage_error": 0.5532372983480788
  },
  "Q5": {
    "query_id": "5",
    "status": "success",
    "execution_time": 107.98402762413025,
    "token_usage": 23331170,
    "money_cost": 7.2068036,
    "row_count": 1,
    "model_name": "gemini-2.5-flash",
    "concurrent_llm_worker": 20,
    "relative_error": 0.6153846153846154,
    "absolute_error": 8.0,
    "mean_absolute_percentage_error": 61.53846153846154
  },
  "Q6": {
    "query_id": "6",
    "status": "success",
    "execution_time": 74.81674408912659,
    "token_usage": 25170457,
    "money_cost": 7.9191061000000005,
    "row_count": 7522,
    "model_name": "gemini-2.5-flash",
    "concurrent_llm_worker": 20,
    "precision": 0.955995745812284,
    "recall": 0.9657534246575342,
    "f1_score": 0.9608498129342598
  },
  "Q7": {
    "query_id": "7",
    "status": "success",
    "execution_time": 340.89607095718384,
    "token_usage": 38417774,
    "money_cost": 12.595594,
    "row_count": 54086,
    "model_name": "gemini-2.5-flash",
    "concurrent_llm_worker": 20,
    "precision": 0.28646969640942205,
    "recall": 0.9697083489798473,
    "f1_score": 0.4422813427723225
  },
  "Q8": {
    "query_id": "8",
    "status": "success",
    "execution_time": 62.03558659553528,
    "token_usage": 22060998,
    "money_cost": 6.7840782,
    "row_count": 100,
    "model_name": "gemini-2.5-flash",
    "concurrent_llm_worker": 20,
    "precision": 0.24,
    "recall": 0.24,
    "f1_score": 0.24
  },
  "Q9": {
    "query_id": "9",
    "status": "success",
    "execution_time": 19.445777416229248,
    "token_usage": 391415,
    "money_cost": 0.1303505,
    "row_count": 52,
    "model_name": "gemini-2.5-flash",
    "concurrent_llm_worker": 20,
    "precision": 0.019230769230769232,
    "recall": 1.0,
    "f1_score": 0.03773584905660378
  }
}