{
  "Q1": {
    "query_id": "1",
    "status": "success",
    "execution_time": 180.03972029685974,
    "token_usage": 16259200,
    "money_cost": 5.748552999999999,
    "row_count": 6556,
    "model_name": "gemini-2.5-flash",
    "concurrent_llm_worker": 20,
    "precision": 0.5581147040878585,
    "recall": 0.956101384896786,
    "f1_score": 0.704805932774728
  },
  "Q10": {
    "query_id": "10",
    "status": "success",
    "execution_time": 212.06328511238098,
    "token_usage": 33077807,
    "money_cost": 10.7929361,
    "row_count": 78635,
    "model_name": "gemini-2.5-flash",
    "concurrent_llm_worker": 20,
    "precision": 0.5872153110356474,
    "recall": 0.6402519248854979,
    "f1_score": 0.5735709608124928
  },
  "Q2": {
    "query_id": "2",
    "status": "success",
    "execution_time": 20.73543930053711,
    "token_usage": 56700,
    "money_cost": 0.04806,
    "row_count": 102,
    "model_name": "gemini-2.5-flash",
    "concurrent_llm_worker": 20,
    "precision": 0.0392156862745098,
    "recall": 1.0,
    "f1_score": 0.07547169811320754
  },
  "Q3": {
    "query_id": "3",
    "status": "success",
    "execution_time": 53.142555713653564,
    "token_usage": 21981070,
    "money_cost": 6.760432,
    "row_count": 10,
    "model_name": "gemini-2.5-flash",
    "concurrent_llm_worker": 20,
    "precision": 1.0,
    "recall": 1.0,
    "f1_score": 1.0
  },
  "Q4": {
    "query_id": "4",
    "status": "success",
    "execution_time": 235.75339436531067,
    "token_usage": 15866682,
    "money_cost": 5.632243,
    "row_count": 1,
    "model_name": "gemini-2.5-flash",
    "concurrent_llm_worker": 20,
    "relative_error": 0.0055323729834977865,
    "absolute_error": 0.07457901440398018,
    "mean_absolute_percentage_error": 0.5532372983497786
  },
  "Q5": {
    "query_id": "5",
    "status": "success",
    "execution_time": 78.5370991230011,
    "token_usage": 23243432,
    "money_cost": 7.1798442,
    "row_count": 1,
    "model_name": "gemini-2.5-flash",
    "concurrent_llm_worker": 20,
    "relative_error": 0.6153846153846154,
    "absolute_error": 8.0,
    "mean_absolute_percentage_error": 61.53846153846154
  },
  "Q6": {
    "query_id": "6",
    "status": "success",
    "execution_time": 60.55755639076233,
    "token_usage": 25170457,
    "money_cost": 7.9191061000000005,
    "row_count": 7522,
    "model_name": "gemini-2.5-flash",
    "concurrent_llm_worker": 20,
    "precision": 0.955995745812284,
    "recall": 0.9657534246575342,
    "f1_score": 0.9608498129342598
  },
  "Q7": {
    "query_id": "7",
    "status": "success",
    "execution_time": 197.42253875732422,
    "token_usage": 38417774,
    "money_cost": 12.595594,
    "row_count": 54086,
    "model_name": "gemini-2.5-flash",
    "concurrent_llm_worker": 20,
    "precision": 0.28646969640942205,
    "recall": 0.9697083489798473,
    "f1_score": 0.4422813427723225
  },
  "Q8": {
    "query_id": "8",
    "status": "success",
    "execution_time": 52.46082854270935,
    "token_usage": 21905258,
    "money_cost": 6.736331,
    "row_count": 100,
    "model_name": "gemini-2.5-flash",
    "concurrent_llm_worker": 20,
    "precision": 0.19,
    "recall": 0.19,
    "f1_score": 0.19
  },
  "Q9": {
    "query_id": "9",
    "status": "success",
    "execution_time": 16.565542697906494,
    "token_usage": 391415,
    "money_cost": 0.1303505,
    "row_count": 52,
    "model_name": "gemini-2.5-flash",
    "concurrent_llm_worker": 20,
    "precision": 0.019230769230769232,
    "recall": 1.0,
    "f1_score": 0.03773584905660378
  }
}