{
  "Q1": {
    "query_id": "1",
    "status": "success",
    "execution_time": 39.06251001358032,
    "token_usage": 183159,
    "money_cost": 0.0582477,
    "row_count": 7,
    "model_name": "gemini-2.5-flash",
    "concurrent_llm_worker": 20,
    "accuracy": 1.0,
    "metric_type": "f1-score",
    "precision": 1.0,
    "recall": 1.0,
    "f1_score": 1.0
  },
  "Q10": {
    "query_id": "10",
    "status": "success",
    "execution_time": 137.22554874420166,
    "token_usage": 1147497,
    "money_cost": 0.35096130000000003,
    "row_count": 6,
    "model_name": "gemini-2.5-flash",
    "concurrent_llm_worker": 20,
    "accuracy": 0.0,
    "metric_type": "f1-score",
    "precision": 0.0,
    "recall": 0.0,
    "f1_score": 0.0
  },
  "Q11": {
    "query_id": "11",
    "status": "success",
    "execution_time": 195.47711825370789,
    "token_usage": 1308173,
    "money_cost": 0.40844369999999997,
    "row_count": 192,
    "model_name": "gemini-2.5-flash",
    "concurrent_llm_worker": 20,
    "accuracy": 0.761904761904762,
    "metric_type": "f1-score",
    "precision": 0.6666666666666666,
    "recall": 0.8888888888888888,
    "f1_score": 0.761904761904762
  },
  "Q12": {
    "query_id": "12",
    "status": "success",
    "execution_time": 65.65652251243591,
    "token_usage": 391580,
    "money_cost": 0.12392439999999999,
    "row_count": 63,
    "model_name": "gemini-2.5-flash",
    "concurrent_llm_worker": 20,
    "accuracy": 0.5619834710743802,
    "metric_type": "f1-score",
    "precision": 0.5396825396825397,
    "recall": 0.5862068965517241,
    "f1_score": 0.5619834710743802
  },
  "Q13": {
    "query_id": "13",
    "status": "success",
    "execution_time": 206.18683314323425,
    "token_usage": 1344255,
    "money_cost": 0.40657649999999995,
    "row_count": 7,
    "model_name": "gemini-2.5-flash",
    "concurrent_llm_worker": 20,
    "accuracy": 0.7368421052631579,
    "metric_type": "f1-score",
    "precision": 1.0,
    "recall": 0.5833333333333334,
    "f1_score": 0.7368421052631579
  },
  "Q14": {
    "query_id": "14",
    "status": "success",
    "execution_time": 251.40880489349365,
    "token_usage": 1233149,
    "money_cost": 0.37345589999999995,
    "row_count": 2,
    "model_name": "gemini-2.5-flash",
    "concurrent_llm_worker": 20,
    "accuracy": 1.0,
    "metric_type": "f1-score",
    "precision": 1.0,
    "recall": 1.0,
    "f1_score": 1.0
  },
  "Q2": {
    "query_id": "2",
    "status": "success",
    "execution_time": 212.1830267906189,
    "token_usage": 1147096,
    "money_cost": 0.3474288,
    "row_count": 7,
    "model_name": "gemini-2.5-flash",
    "concurrent_llm_worker": 20,
    "accuracy": 0.6666666666666666,
    "metric_type": "f1-score",
    "precision": 0.5714285714285714,
    "recall": 0.8,
    "f1_score": 0.6666666666666666
  },
  "Q3": {
    "query_id": "3",
    "status": "success",
    "execution_time": 28.680368423461914,
    "token_usage": 196406,
    "money_cost": 0.07266519999999999,
    "row_count": 500,
    "model_name": "gemini-2.5-flash",
    "concurrent_llm_worker": 20,
    "accuracy": 0.9524170886342427,
    "metric_type": "adjusted-rand-index"
  },
  "Q4": {
    "query_id": "4",
    "status": "success",
    "execution_time": 140.99101305007935,
    "token_usage": 707461,
    "money_cost": 0.2184973,
    "row_count": 294,
    "model_name": "gemini-2.5-flash",
    "concurrent_llm_worker": 20,
    "accuracy": 0.4600235692913247,
    "metric_type": "adjusted-rand-index"
  },
  "Q5": {
    "query_id": "5",
    "status": "success",
    "execution_time": 4.352752208709717,
    "token_usage": 130698,
    "money_cost": 0.04020819999999999,
    "row_count": 228,
    "model_name": "gemini-2.5-flash",
    "concurrent_llm_worker": 20,
    "accuracy": 0.9675884686989886,
    "metric_type": "adjusted-rand-index"
  },
  "Q6": {
    "query_id": "6",
    "status": "success",
    "execution_time": 140.09516024589539,
    "token_usage": 639118,
    "money_cost": 0.1927342,
    "row_count": 228,
    "model_name": "gemini-2.5-flash",
    "concurrent_llm_worker": 20,
    "accuracy": 0.9794175205819398,
    "metric_type": "adjusted-rand-index"
  },
  "Q7": {
    "query_id": "7",
    "status": "success",
    "execution_time": 192.79649114608765,
    "token_usage": 2003478,
    "money_cost": 0.6221194,
    "row_count": 209,
    "model_name": "gemini-2.5-flash",
    "concurrent_llm_worker": 20,
    "accuracy": 0.6596858638743455,
    "metric_type": "f1-score",
    "precision": 0.6028708133971292,
    "recall": 0.7283236994219653,
    "f1_score": 0.6596858638743455
  },
  "Q8": {
    "query_id": "8",
    "status": "success",
    "execution_time": 541.840461730957,
    "token_usage": 1155596,
    "money_cost": 0.3499788,
    "row_count": 10,
    "model_name": "gemini-2.5-flash",
    "concurrent_llm_worker": 20,
    "accuracy": 0.18181818181818182,
    "metric_type": "f1-score",
    "precision": 0.1,
    "recall": 1.0,
    "f1_score": 0.18181818181818182
  },
  "Q9": {
    "query_id": "9",
    "status": "success",
    "execution_time": 101.9149911403656,
    "token_usage": 550368,
    "money_cost": 0.1702848,
    "row_count": 87,
    "model_name": "gemini-2.5-flash",
    "concurrent_llm_worker": 20,
    "accuracy": 0.6917293233082707,
    "metric_type": "f1-score",
    "precision": 0.5287356321839081,
    "recall": 1.0,
    "f1_score": 0.6917293233082707
  }
}