{
  "Q1": {
    "query_id": "1",
    "status": "success",
    "execution_time": 2.1161398887634277,
    "token_usage": 3055.0,
    "money_cost": 0.0010023,
    "row_count": 5,
    "model_name": "gemini-2.5-flash",
    "concurrent_llm_worker": 20,
    "precision": 1.0,
    "recall": 1.0,
    "f1_score": 1.0
  },
  "Q10": {
    "query_id": "10",
    "status": "success",
    "execution_time": 46.750497579574585,
    "token_usage": 1000211.0,
    "money_cost": 0.37926329999999986,
    "row_count": 105,
    "model_name": "gemini-2.5-flash",
    "concurrent_llm_worker": 20,
    "spearman_correlation": 0.418522146210688,
    "kendall_tau": 0.288772556667613
  },
  "Q2": {
    "query_id": "2",
    "status": "success",
    "execution_time": 49.379677057266235,
    "token_usage": 20898.0,
    "money_cost": 0.006863399999999997,
    "row_count": 5,
    "model_name": "gemini-2.5-flash",
    "concurrent_llm_worker": 20,
    "precision": 1.0,
    "recall": 1.0,
    "f1_score": 1.0
  },
  "Q3": {
    "query_id": "3",
    "status": "success",
    "execution_time": 6.227948904037476,
    "token_usage": 27990.0,
    "money_cost": 0.009189,
    "row_count": 1,
    "model_name": "gemini-2.5-flash",
    "concurrent_llm_worker": 20,
    "relative_error": 0.5714285714285714,
    "absolute_error": 8.0,
    "mean_absolute_percentage_error": 57.14285714285714
  },
  "Q4": {
    "query_id": "4",
    "status": "success",
    "execution_time": 6.7298455238342285,
    "token_usage": 46830.0,
    "money_cost": 0.018801000000000002,
    "row_count": 1,
    "model_name": "gemini-2.5-flash",
    "concurrent_llm_worker": 20,
    "relative_error": 0.3571428656578064,
    "absolute_error": 0.04166666716337204,
    "mean_absolute_percentage_error": 35.71428656578064
  },
  "Q5": {
    "query_id": "5",
    "status": "success",
    "execution_time": 2.93990159034729,
    "token_usage": 37940.0,
    "money_cost": 0.012041999999999999,
    "row_count": 10,
    "model_name": "gemini-2.5-flash",
    "concurrent_llm_worker": 20,
    "precision": 0.4444444444444444,
    "recall": 0.4,
    "f1_score": 0.4210526315789474
  },
  "Q6": {
    "query_id": "6",
    "status": "success",
    "execution_time": 2.8827414512634277,
    "token_usage": 37840.0,
    "money_cost": 0.012011999999999998,
    "row_count": 10,
    "model_name": "gemini-2.5-flash",
    "concurrent_llm_worker": 20,
    "precision": 1.0,
    "recall": 0.9,
    "f1_score": 0.9473684210526316
  },
  "Q7": {
    "query_id": "7",
    "status": "success",
    "execution_time": 1493.8242573738098,
    "token_usage": 24582144.0,
    "money_cost": 7.80718079999967,
    "row_count": 12324,
    "model_name": "gemini-2.5-flash",
    "concurrent_llm_worker": 20,
    "precision": 0.8103837471783296,
    "recall": 0.43866080156402737,
    "f1_score": 0.5692088156017124
  },
  "Q8": {
    "query_id": "8",
    "status": "success",
    "execution_time": 9.22577691078186,
    "token_usage": 46230.0,
    "money_cost": 0.018620999999999988,
    "row_count": 2,
    "model_name": "gemini-2.5-flash",
    "concurrent_llm_worker": 20,
    "relative_error": 0.16172506738544473,
    "absolute_error": 8.0,
    "mean_absolute_percentage_error": 16.172506738544474
  },
  "Q9": {
    "query_id": "9",
    "status": "success",
    "execution_time": 7.0770862102508545,
    "token_usage": 131852.0,
    "money_cost": 0.049693199999999944,
    "row_count": 256,
    "model_name": "gemini-2.5-flash",
    "concurrent_llm_worker": 20,
    "spearman_correlation": 0.7861907000421336,
    "kendall_tau": 0.6957127141505507
  }
}