{
  "Q1": {
    "query_id": "1",
    "status": "success",
    "execution_time": 22.807163953781128,
    "token_usage": 54377,
    "money_cost": 0.026873099999999997,
    "row_count": 5,
    "model_name": "gemini-2.5-flash",
    "concurrent_llm_worker": 20,
    "precision": 0.8,
    "recall": 0.8,
    "f1_score": 0.8000000000000002
  },
  "Q10": {
    "query_id": "10",
    "status": "success",
    "execution_time": 31.684828758239746,
    "token_usage": 389611,
    "money_cost": 0.12907349999999998,
    "row_count": 77,
    "model_name": "gemini-2.5-flash",
    "concurrent_llm_worker": 20,
    "spearman_correlation": 0.32880323204078793,
    "kendall_tau": 0.22624913434361854
  },
  "Q2": {
    "query_id": "2",
    "status": "success",
    "execution_time": 11.726677417755127,
    "token_usage": 5818,
    "money_cost": 0.0030214,
    "row_count": 5,
    "model_name": "gemini-2.5-flash",
    "concurrent_llm_worker": 20,
    "precision": 1.0,
    "recall": 1.0,
    "f1_score": 1.0
  },
  "Q3": {
    "query_id": "3",
    "status": "success",
    "execution_time": 12.88114857673645,
    "token_usage": 6032,
    "money_cost": 0.0031295999999999997,
    "row_count": 1,
    "model_name": "gemini-2.5-flash",
    "concurrent_llm_worker": 20,
    "relative_error": 0.5714285714285714,
    "absolute_error": 8.0,
    "mean_absolute_percentage_error": 57.14285714285714
  },
  "Q4": {
    "query_id": "4",
    "status": "success",
    "execution_time": 18.949071407318115,
    "token_usage": 6032,
    "money_cost": 0.0031295999999999997,
    "row_count": 1,
    "model_name": "gemini-2.5-flash",
    "concurrent_llm_worker": 20,
    "relative_error": 0.5714285969734192,
    "absolute_error": 0.06666666716337204,
    "mean_absolute_percentage_error": 57.14285969734192
  },
  "Q5": {
    "query_id": "5",
    "status": "success",
    "execution_time": 71.80905508995056,
    "token_usage": 2630449,
    "money_cost": 1.0088773,
    "row_count": 10,
    "model_name": "gemini-2.5-flash",
    "concurrent_llm_worker": 20,
    "precision": 1.0,
    "recall": 0.9,
    "f1_score": 0.9473684210526316
  },
  "Q6": {
    "query_id": "6",
    "status": "success",
    "execution_time": 104.4316017627716,
    "token_usage": 2613344,
    "money_cost": 1.0063924,
    "row_count": 10,
    "model_name": "gemini-2.5-flash",
    "concurrent_llm_worker": 20,
    "precision": 0.8,
    "recall": 0.8,
    "f1_score": 0.8000000000000002
  },
  "Q7": {
    "query_id": "7",
    "status": "success",
    "execution_time": 593.1063096523285,
    "token_usage": 9182314,
    "money_cost": 3.5334876,
    "row_count": 36236,
    "model_name": "gemini-2.5-flash",
    "concurrent_llm_worker": 20,
    "precision": 0.6062647356012125,
    "recall": 0.8797653958944281,
    "f1_score": 0.7178464606181456
  },
  "Q8": {
    "query_id": "8",
    "status": "success",
    "execution_time": 20.540037631988525,
    "token_usage": 6032,
    "money_cost": 0.0031295999999999997,
    "row_count": 2,
    "model_name": "gemini-2.5-flash",
    "concurrent_llm_worker": 20,
    "relative_error": 0.32345013477088946,
    "absolute_error": 16.0,
    "mean_absolute_percentage_error": 32.34501347708895
  },
  "Q9": {
    "query_id": "9",
    "status": "success",
    "execution_time": 24.24736785888672,
    "token_usage": 100476,
    "money_cost": 0.0338168,
    "row_count": 256,
    "model_name": "gemini-2.5-flash",
    "concurrent_llm_worker": 20,
    "spearman_correlation": 0.7393008314706934,
    "kendall_tau": 0.6299006592992028
  }
}