{
  "Q1": {
    "query_id": "1",
    "status": "success",
    "execution_time": 3.6639950275421143,
    "token_usage": 2786.0,
    "money_cost": 0.0009150000000000001,
    "row_count": 5,
    "model_name": "gemini-2.5-flash",
    "concurrent_llm_worker": 20,
    "precision": 1.0,
    "recall": 1.0,
    "f1_score": 1.0
  },
  "Q10": {
    "query_id": "10",
    "status": "success",
    "execution_time": 43.21226191520691,
    "token_usage": 502094.0,
    "money_cost": 0.1902282,
    "row_count": 77,
    "model_name": "gemini-2.5-flash",
    "concurrent_llm_worker": 20,
    "spearman_correlation": 0.39262471552284145,
    "kendall_tau": 0.26974694299294294
  },
  "Q2": {
    "query_id": "2",
    "status": "success",
    "execution_time": 37.41722798347473,
    "token_usage": 27523.0,
    "money_cost": 0.009035699999999999,
    "row_count": 5,
    "model_name": "gemini-2.5-flash",
    "concurrent_llm_worker": 20,
    "precision": 1.0,
    "recall": 1.0,
    "f1_score": 1.0
  },
  "Q3": {
    "query_id": "3",
    "status": "success",
    "execution_time": 6.7128212451934814,
    "token_usage": 27990.0,
    "money_cost": 0.009189000000000001,
    "row_count": 1,
    "model_name": "gemini-2.5-flash",
    "concurrent_llm_worker": 20,
    "relative_error": 0.5714285714285714,
    "absolute_error": 8.0,
    "mean_absolute_percentage_error": 57.14285714285714
  },
  "Q4": {
    "query_id": "4",
    "status": "success",
    "execution_time": 12.3552405834198,
    "token_usage": 46830.0,
    "money_cost": 0.01880099999999999,
    "row_count": 1,
    "model_name": "gemini-2.5-flash",
    "concurrent_llm_worker": 20,
    "relative_error": 0.3571428656578064,
    "absolute_error": 0.04166666716337204,
    "mean_absolute_percentage_error": 35.71428656578064
  },
  "Q5": {
    "query_id": "5",
    "status": "success",
    "execution_time": 8.616620779037476,
    "token_usage": 35820.0,
    "money_cost": 0.011406000000000003,
    "row_count": 10,
    "model_name": "gemini-2.5-flash",
    "concurrent_llm_worker": 20,
    "precision": 0.2222222222222222,
    "recall": 0.2,
    "f1_score": 0.2105263157894737
  },
  "Q6": {
    "query_id": "6",
    "status": "success",
    "execution_time": 4.481276035308838,
    "token_usage": 35720.0,
    "money_cost": 0.011376000000000002,
    "row_count": 10,
    "model_name": "gemini-2.5-flash",
    "concurrent_llm_worker": 20,
    "precision": 0.75,
    "recall": 0.6,
    "f1_score": 0.6666666666666665
  },
  "Q7": {
    "query_id": "7",
    "status": "success",
    "execution_time": 1798.5982677936554,
    "token_usage": 24582144.0,
    "money_cost": 7.807180799999646,
    "row_count": 12324,
    "model_name": "gemini-2.5-flash",
    "concurrent_llm_worker": 20,
    "precision": 0.8103837471783296,
    "recall": 0.43866080156402737,
    "f1_score": 0.5692088156017124
  },
  "Q8": {
    "query_id": "8",
    "status": "success",
    "execution_time": 82.63733839988708,
    "token_usage": 45463.0,
    "money_cost": 0.01831169999999999,
    "row_count": 3,
    "model_name": "gemini-2.5-flash",
    "concurrent_llm_worker": 20,
    "relative_error": 0.1522911051212938,
    "absolute_error": 6.0,
    "mean_absolute_percentage_error": 15.22911051212938
  },
  "Q9": {
    "query_id": "9",
    "status": "success",
    "execution_time": 31.941107511520386,
    "token_usage": 131852.0,
    "money_cost": 0.0496932,
    "row_count": 256,
    "model_name": "gemini-2.5-flash",
    "concurrent_llm_worker": 20,
    "spearman_correlation": 0.7861907000421336,
    "kendall_tau": 0.6957127141505507
  }
}