{
  "Q1": {
    "query_id": "1",
    "status": "success",
    "execution_time": 2.6318910121917725,
    "token_usage": 6114.0,
    "money_cost": 0.0020058000000000003,
    "row_count": 5,
    "model_name": "gemini-2.5-flash",
    "concurrent_llm_worker": 20,
    "precision": 1.0,
    "recall": 1.0,
    "f1_score": 1.0
  },
  "Q10": {
    "query_id": "10",
    "status": "success",
    "execution_time": 355.45963072776794,
    "token_usage": 7978121.0,
    "money_cost": 3.0269967000000397,
    "row_count": 172,
    "model_name": "gemini-2.5-flash",
    "concurrent_llm_worker": 20,
    "spearman_correlation": 0.4231644437661445,
    "kendall_tau": 0.29121709516552
  },
  "Q2": {
    "query_id": "2",
    "status": "success",
    "execution_time": 355.91748452186584,
    "token_usage": 19152.0,
    "money_cost": 0.006286800000000002,
    "row_count": 5,
    "model_name": "gemini-2.5-flash",
    "concurrent_llm_worker": 20,
    "precision": 1.0,
    "recall": 1.0,
    "f1_score": 1.0
  },
  "Q3": {
    "query_id": "3",
    "status": "success",
    "execution_time": 27.313425064086914,
    "token_usage": 27990.0,
    "money_cost": 0.009188999999999998,
    "row_count": 1,
    "model_name": "gemini-2.5-flash",
    "concurrent_llm_worker": 20,
    "relative_error": 0.5714285714285714,
    "absolute_error": 8.0,
    "mean_absolute_percentage_error": 57.14285714285714
  },
  "Q4": {
    "query_id": "4",
    "status": "success",
    "execution_time": 27.37749218940735,
    "token_usage": 46830.0,
    "money_cost": 0.018801000000000002,
    "row_count": 1,
    "model_name": "gemini-2.5-flash",
    "concurrent_llm_worker": 20,
    "relative_error": 0.3571428656578064,
    "absolute_error": 0.04166666716337204,
    "mean_absolute_percentage_error": 35.71428656578064
  },
  "Q5": {
    "query_id": "5",
    "status": "success",
    "execution_time": 4.988718271255493,
    "token_usage": 36860.0,
    "money_cost": 0.011718000000000003,
    "row_count": 10,
    "model_name": "gemini-2.5-flash",
    "concurrent_llm_worker": 20,
    "precision": 0.5555555555555556,
    "recall": 0.5,
    "f1_score": 0.5263157894736842
  },
  "Q6": {
    "query_id": "6",
    "status": "success",
    "execution_time": 3.984492301940918,
    "token_usage": 36760.0,
    "money_cost": 0.011688,
    "row_count": 10,
    "model_name": "gemini-2.5-flash",
    "concurrent_llm_worker": 20,
    "precision": 0.8888888888888888,
    "recall": 0.8,
    "f1_score": 0.8421052631578948
  },
  "Q7": {
    "query_id": "7",
    "status": "success",
    "execution_time": 1495.2275953292847,
    "token_usage": 24582144.0,
    "money_cost": 7.807180799999633,
    "row_count": 12324,
    "model_name": "gemini-2.5-flash",
    "concurrent_llm_worker": 20,
    "precision": 0.8103837471783296,
    "recall": 0.43866080156402737,
    "f1_score": 0.5692088156017124
  },
  "Q8": {
    "query_id": "8",
    "status": "success",
    "execution_time": 26.222126245498657,
    "token_usage": 46230.0,
    "money_cost": 0.018620999999999995,
    "row_count": 2,
    "model_name": "gemini-2.5-flash",
    "concurrent_llm_worker": 20,
    "relative_error": 0.16172506738544473,
    "absolute_error": 8.0,
    "mean_absolute_percentage_error": 16.172506738544474
  },
  "Q9": {
    "query_id": "9",
    "status": "success",
    "execution_time": 6.6963951587677,
    "token_usage": 131852.0,
    "money_cost": 0.04969319999999998,
    "row_count": 256,
    "model_name": "gemini-2.5-flash",
    "concurrent_llm_worker": 20,
    "spearman_correlation": 0.7861907000421336,
    "kendall_tau": 0.6957127141505507
  }
}