{
  "Q1": {
    "query_id": "1",
    "status": "success",
    "execution_time": 532.751255273819,
    "token_usage": 32544708,
    "money_cost": 11.504642,
    "row_count": 13132,
    "model_name": "gemini-2.5-flash",
    "concurrent_llm_worker": 20,
    "precision": 0.5588638440450807,
    "recall": 0.9575939457202505,
    "f1_score": 0.7058088093864204
  },
  "Q10": {
    "query_id": "10",
    "status": "success",
    "execution_time": 416.3443365097046,
    "token_usage": 66182686,
    "money_cost": 21.595327,
    "row_count": 157269,
    "model_name": "gemini-2.5-flash",
    "concurrent_llm_worker": 20,
    "precision": 0.5854973966554746,
    "recall": 0.63695345710071,
    "f1_score": 0.5718702628663163
  },
  "Q2": {
    "query_id": "2",
    "status": "success",
    "execution_time": 32.05734419822693,
    "token_usage": 116424,
    "money_cost": 0.0986832,
    "row_count": 226,
    "model_name": "gemini-2.5-flash",
    "concurrent_llm_worker": 20,
    "precision": 0.03982300884955752,
    "recall": 1.0,
    "f1_score": 0.07659574468085106
  },
  "Q3": {
    "query_id": "3",
    "status": "success",
    "execution_time": 57.78911471366882,
    "token_usage": 29089264,
    "money_cost": 8.947166399999999,
    "row_count": 10,
    "model_name": "gemini-2.5-flash",
    "concurrent_llm_worker": 20,
    "precision": 1.0,
    "recall": 1.0,
    "f1_score": 1.0
  },
  "Q4": {
    "query_id": "4",
    "status": "success",
    "execution_time": 397.32696628570557,
    "token_usage": 31760099,
    "money_cost": 11.2728365,
    "row_count": 1,
    "model_name": "gemini-2.5-flash",
    "concurrent_llm_worker": 20,
    "relative_error": 0.005842777115599909,
    "absolute_error": 0.07856090381847025,
    "mean_absolute_percentage_error": 0.584277711559991
  },
  "Q5": {
    "query_id": "5",
    "status": "success",
    "execution_time": 153.202054977417,
    "token_usage": 47100128,
    "money_cost": 14.5506564,
    "row_count": 1,
    "model_name": "gemini-2.5-flash",
    "concurrent_llm_worker": 20,
    "relative_error": 0.7272727272727273,
    "absolute_error": 16.0,
    "mean_absolute_percentage_error": 72.72727272727273
  },
  "Q6": {
    "query_id": "6",
    "status": "success",
    "execution_time": 132.10593938827515,
    "token_usage": 50195946,
    "money_cost": 15.7966836,
    "row_count": 14910,
    "model_name": "gemini-2.5-flash",
    "concurrent_llm_worker": 20,
    "precision": 0.9545942320590208,
    "recall": 0.9633816163530526,
    "f1_score": 0.9589677940978305
  },
  "Q7": {
    "query_id": "7",
    "status": "success",
    "execution_time": 645.2831742763519,
    "token_usage": 76682682,
    "money_cost": 25.1471008,
    "row_count": 108618,
    "model_name": "gemini-2.5-flash",
    "concurrent_llm_worker": 20,
    "precision": 0.28418862435323794,
    "recall": 0.9701426865296373,
    "f1_score": 0.439602381155829
  },
  "Q8": {
    "query_id": "8",
    "status": "success",
    "execution_time": 61.443291664123535,
    "token_usage": 29178706,
    "money_cost": 8.973565599999999,
    "row_count": 100,
    "model_name": "gemini-2.5-flash",
    "concurrent_llm_worker": 20,
    "precision": 0.28,
    "recall": 0.28,
    "f1_score": 0.28
  },
  "Q9": {
    "query_id": "9",
    "status": "success",
    "execution_time": 21.11848258972168,
    "token_usage": 768963,
    "money_cost": 0.2563197,
    "row_count": 93,
    "model_name": "gemini-2.5-flash",
    "concurrent_llm_worker": 20,
    "precision": 0.021505376344086023,
    "recall": 1.0,
    "f1_score": 0.04210526315789474
  }
}