{
  "Q1": {
    "query_id": "1",
    "status": "success",
    "execution_time": 35.09214758872986,
    "token_usage": 766950,
    "money_cost": 0.24328499999999997,
    "row_count": 7,
    "model_name": "gemini-2.5-flash",
    "concurrent_llm_worker": 20,
    "accuracy": 1.0,
    "metric_type": "f1-score",
    "precision": 1.0,
    "recall": 1.0,
    "f1_score": 1.0
  },
  "Q10": {
    "query_id": "10",
    "status": "success",
    "execution_time": 722.1098845005035,
    "token_usage": 7031374,
    "money_cost": 2.1790751999999998,
    "row_count": 57,
    "model_name": "gemini-2.5-flash",
    "concurrent_llm_worker": 20,
    "accuracy": 0.0,
    "metric_type": "f1-score",
    "precision": 0.0,
    "recall": 0.0,
    "f1_score": 0.0
  },
  "Q11": {
    "query_id": "11",
    "status": "success",
    "execution_time": 1337.430374622345,
    "token_usage": 10242299,
    "money_cost": 3.1828305,
    "row_count": 8113,
    "model_name": "gemini-2.5-flash",
    "concurrent_llm_worker": 20,
    "accuracy": 0.606845513413506,
    "metric_type": "f1-score",
    "precision": 0.47058823529411764,
    "recall": 0.8541666666666666,
    "f1_score": 0.606845513413506
  },
  "Q12": {
    "query_id": "12",
    "status": "success",
    "execution_time": 274.474906206131,
    "token_usage": 1389484,
    "money_cost": 0.4401805999999999,
    "row_count": 209,
    "model_name": "gemini-2.5-flash",
    "concurrent_llm_worker": 20,
    "accuracy": 0.5278450363196124,
    "metric_type": "f1-score",
    "precision": 0.5215311004784688,
    "recall": 0.5343137254901961,
    "f1_score": 0.5278450363196124
  },
  "Q13": {
    "query_id": "13",
    "status": "success",
    "execution_time": 2261.5583624839783,
    "token_usage": 5356638,
    "money_cost": 1.6201914,
    "row_count": 10,
    "model_name": "gemini-2.5-flash",
    "concurrent_llm_worker": 20,
    "accuracy": 0.6363636363636365,
    "metric_type": "f1-score",
    "precision": 0.7,
    "recall": 0.5833333333333334,
    "f1_score": 0.6363636363636365
  },
  "Q14": {
    "query_id": "14",
    "status": "success",
    "execution_time": 2213.18927359581,
    "token_usage": 5098916,
    "money_cost": 1.5442938,
    "row_count": 3,
    "model_name": "gemini-2.5-flash",
    "concurrent_llm_worker": 20,
    "accuracy": 0.5,
    "metric_type": "f1-score",
    "precision": 0.5,
    "recall": 0.5,
    "f1_score": 0.5
  },
  "Q2": {
    "query_id": "2",
    "status": "success",
    "execution_time": 2847.699144601822,
    "token_usage": 4533688,
    "money_cost": 1.3733064,
    "row_count": 13,
    "model_name": "gemini-2.5-flash",
    "concurrent_llm_worker": 20,
    "accuracy": 0.4444444444444444,
    "metric_type": "f1-score",
    "precision": 0.3076923076923077,
    "recall": 0.8,
    "f1_score": 0.4444444444444444
  },
  "Q3": {
    "query_id": "3",
    "status": "success",
    "execution_time": 36.532997369766235,
    "token_usage": 820245,
    "money_cost": 0.3017225,
    "row_count": 2000,
    "model_name": "gemini-2.5-flash",
    "concurrent_llm_worker": 20,
    "accuracy": 0.9524266609720882,
    "metric_type": "adjusted-rand-index"
  },
  "Q4": {
    "query_id": "4",
    "status": "success",
    "execution_time": 1856.9385871887207,
    "token_usage": 2791836,
    "money_cost": 0.8931492,
    "row_count": 1178,
    "model_name": "gemini-2.5-flash",
    "concurrent_llm_worker": 20,
    "accuracy": 0.432951424324792,
    "metric_type": "adjusted-rand-index"
  },
  "Q5": {
    "query_id": "5",
    "status": "success",
    "execution_time": 16.3935444355011,
    "token_usage": 589327,
    "money_cost": 0.1810705,
    "row_count": 980,
    "model_name": "gemini-2.5-flash",
    "concurrent_llm_worker": 20,
    "accuracy": 0.977907829336635,
    "metric_type": "adjusted-rand-index"
  },
  "Q6": {
    "query_id": "6",
    "status": "success",
    "execution_time": 2059.1855869293213,
    "token_usage": 2799581,
    "money_cost": 0.8441445,
    "row_count": 980,
    "model_name": "gemini-2.5-flash",
    "concurrent_llm_worker": 20,
    "accuracy": 0.8983733487358332,
    "metric_type": "adjusted-rand-index"
  },
  "Q7": {
    "query_id": "7",
    "status": "success",
    "execution_time": 2144.9127190113068,
    "token_usage": 37059524,
    "money_cost": 11.473841400000001,
    "row_count": 1316,
    "model_name": "gemini-2.5-flash",
    "concurrent_llm_worker": 20,
    "accuracy": 0.2744849445324882,
    "metric_type": "f1-score",
    "precision": 0.3290273556231003,
    "recall": 0.23545405111473627,
    "f1_score": 0.2744849445324882
  },
  "Q8": {
    "query_id": "8",
    "status": "success",
    "execution_time": 4751.716412782669,
    "token_usage": 73047008,
    "money_cost": 22.1253024,
    "row_count": 224,
    "model_name": "gemini-2.5-flash",
    "concurrent_llm_worker": 20,
    "accuracy": 0.10833333333333332,
    "metric_type": "f1-score",
    "precision": 0.05803571428571429,
    "recall": 0.8125,
    "f1_score": 0.10833333333333332
  },
  "Q9": {
    "query_id": "9",
    "status": "success",
    "execution_time": 522.7922606468201,
    "token_usage": 3740958,
    "money_cost": 1.1574588,
    "row_count": 472,
    "model_name": "gemini-2.5-flash",
    "concurrent_llm_worker": 20,
    "accuracy": 0.43137254901960786,
    "metric_type": "f1-score",
    "precision": 0.2796610169491525,
    "recall": 0.9428571428571428,
    "f1_score": 0.43137254901960786
  }
}