{
  "Q1": {
    "query_id": "1",
    "status": "success",
    "execution_time": 36.56836247444153,
    "token_usage": 843751,
    "money_cost": 0.2969713,
    "row_count": 12,
    "model_name": "gemini-2.5-flash",
    "concurrent_llm_worker": 20,
    "accuracy": 0.3157894736842105,
    "metric_type": "f1-score",
    "precision": 0.25,
    "recall": 0.42857142857142855,
    "f1_score": 0.3157894736842105
  },
  "Q10": {
    "query_id": "10",
    "status": "success",
    "execution_time": 534.9877371788025,
    "token_usage": 118796371,
    "money_cost": 36.788882099999995,
    "row_count": 774,
    "model_name": "gemini-2.5-flash",
    "concurrent_llm_worker": 20,
    "accuracy": 0.10559006211180126,
    "metric_type": "f1-score",
    "precision": 0.06589147286821706,
    "recall": 0.265625,
    "f1_score": 0.10559006211180126
  },
  "Q11": {
    "query_id": "11",
    "status": "success",
    "execution_time": 3088.140161514282,
    "token_usage": 648378979,
    "money_cost": 201.5943343,
    "row_count": 4420,
    "model_name": "gemini-2.5-flash",
    "concurrent_llm_worker": 20,
    "accuracy": 0.6658739595719382,
    "metric_type": "f1-score",
    "precision": 0.6334841628959276,
    "recall": 0.7017543859649122,
    "f1_score": 0.6658739595719382
  },
  "Q12": {
    "query_id": "12",
    "status": "success",
    "execution_time": 51.435813426971436,
    "token_usage": 2095298,
    "money_cost": 0.6857365999999999,
    "row_count": 411,
    "model_name": "gemini-2.5-flash",
    "concurrent_llm_worker": 20,
    "accuracy": 0.9532019704433498,
    "metric_type": "f1-score",
    "precision": 0.9416058394160584,
    "recall": 0.9650872817955112,
    "f1_score": 0.9532019704433498
  },
  "Q13": {
    "query_id": "13",
    "status": "success",
    "execution_time": 38.18873333930969,
    "token_usage": 10151151,
    "money_cost": 3.0894113,
    "row_count": 32,
    "model_name": "gemini-2.5-flash",
    "concurrent_llm_worker": 20,
    "accuracy": 0.36363636363636365,
    "metric_type": "f1-score",
    "precision": 0.25,
    "recall": 0.6666666666666666,
    "f1_score": 0.36363636363636365
  },
  "Q14": {
    "query_id": "14",
    "status": "success",
    "execution_time": 62.64801263809204,
    "token_usage": 11071503,
    "money_cost": 3.3747855,
    "row_count": 4,
    "model_name": "gemini-2.5-flash",
    "concurrent_llm_worker": 20,
    "accuracy": 0.75,
    "metric_type": "f1-score",
    "precision": 0.75,
    "recall": 0.75,
    "f1_score": 0.75
  },
  "Q2": {
    "query_id": "2",
    "status": "success",
    "execution_time": 42.43164539337158,
    "token_usage": 8986586,
    "money_cost": 2.7398966,
    "row_count": 21,
    "model_name": "gemini-2.5-flash",
    "concurrent_llm_worker": 20,
    "accuracy": 0.3076923076923077,
    "metric_type": "f1-score",
    "precision": 0.19047619047619047,
    "recall": 0.8,
    "f1_score": 0.3076923076923077
  },
  "Q3": {
    "query_id": "3",
    "status": "success",
    "execution_time": 35.91302800178528,
    "token_usage": 865324,
    "money_cost": 0.2807502,
    "row_count": 3992,
    "model_name": "gemini-2.5-flash",
    "concurrent_llm_worker": 20,
    "accuracy": 0.9672082362698399,
    "metric_type": "adjusted-rand-index"
  },
  "Q4": {
    "query_id": "4",
    "status": "success",
    "execution_time": 32.38370394706726,
    "token_usage": 5341249,
    "money_cost": 1.6077757,
    "row_count": 2322,
    "model_name": "gemini-2.5-flash",
    "concurrent_llm_worker": 20,
    "accuracy": 0.6934945756590787,
    "metric_type": "adjusted-rand-index"
  },
  "Q5": {
    "query_id": "5",
    "status": "success",
    "execution_time": 28.572993755340576,
    "token_usage": 781233,
    "money_cost": 0.2505641,
    "row_count": 1856,
    "model_name": "gemini-2.5-flash",
    "concurrent_llm_worker": 20,
    "accuracy": 0.9742729149813938,
    "metric_type": "adjusted-rand-index"
  },
  "Q6": {
    "query_id": "6",
    "status": "success",
    "execution_time": 41.754316568374634,
    "token_usage": 5307615,
    "money_cost": 1.6085095,
    "row_count": 1856,
    "model_name": "gemini-2.5-flash",
    "concurrent_llm_worker": 20,
    "accuracy": 0.9274061130609865,
    "metric_type": "adjusted-rand-index"
  },
  "Q7": {
    "query_id": "7",
    "status": "success",
    "execution_time": 945.3624999523163,
    "token_usage": 191320673,
    "money_cost": 63.205981699999995,
    "row_count": 7566,
    "model_name": "gemini-2.5-flash",
    "concurrent_llm_worker": 20,
    "accuracy": 0.7814622453056332,
    "metric_type": "f1-score",
    "precision": 0.6463124504361618,
    "recall": 0.9880783996767024,
    "f1_score": 0.7814622453056332
  },
  "Q8": {
    "query_id": "8",
    "status": "success",
    "execution_time": 663.79465508461,
    "token_usage": 420235786,
    "money_cost": 127.345935,
    "row_count": 944,
    "model_name": "gemini-2.5-flash",
    "concurrent_llm_worker": 20,
    "accuracy": 0.08791208791208789,
    "metric_type": "f1-score",
    "precision": 0.046052631578947366,
    "recall": 0.9655172413793104,
    "f1_score": 0.08791208791208789
  },
  "Q9": {
    "query_id": "9",
    "status": "success",
    "execution_time": 67.99037170410156,
    "token_usage": 15744068,
    "money_cost": 5.00497,
    "row_count": 1264,
    "model_name": "gemini-2.5-flash",
    "concurrent_llm_worker": 20,
    "accuracy": 0.5275754422476587,
    "metric_type": "f1-score",
    "precision": 0.40625,
    "recall": 0.7522255192878339,
    "f1_score": 0.5275754422476587
  }
}