{
  "Q1": {
    "query_id": "1",
    "status": "success",
    "execution_time": 1.983280897140503,
    "token_usage": 3973.0,
    "money_cost": 0.0013041000000000003,
    "row_count": 5,
    "model_name": "gemini-2.5-flash",
    "concurrent_llm_worker": 20,
    "precision": 1.0,
    "recall": 1.0,
    "f1_score": 1.0
  },
  "Q10": {
    "query_id": "10",
    "status": "success",
    "execution_time": 21.152595281600952,
    "token_usage": 502094.0,
    "money_cost": 0.19022820000000012,
    "row_count": 77,
    "model_name": "gemini-2.5-flash",
    "concurrent_llm_worker": 20,
    "spearman_correlation": 0.39262471552284145,
    "kendall_tau": 0.26974694299294294
  },
  "Q2": {
    "query_id": "2",
    "status": "success",
    "execution_time": 35.95153546333313,
    "token_usage": 27523.0,
    "money_cost": 0.009035699999999999,
    "row_count": 5,
    "model_name": "gemini-2.5-flash",
    "concurrent_llm_worker": 20,
    "precision": 1.0,
    "recall": 1.0,
    "f1_score": 1.0
  },
  "Q3": {
    "query_id": "3",
    "status": "success",
    "execution_time": 3.821470022201538,
    "token_usage": 27990.0,
    "money_cost": 0.009189000000000001,
    "row_count": 1,
    "model_name": "gemini-2.5-flash",
    "concurrent_llm_worker": 20,
    "relative_error": 0.5714285714285714,
    "absolute_error": 8.0,
    "mean_absolute_percentage_error": 57.14285714285714
  },
  "Q4": {
    "query_id": "4",
    "status": "success",
    "execution_time": 4.756446599960327,
    "token_usage": 46830.0,
    "money_cost": 0.018801000000000002,
    "row_count": 1,
    "model_name": "gemini-2.5-flash",
    "concurrent_llm_worker": 20,
    "relative_error": 0.3571428656578064,
    "absolute_error": 0.04166666716337204,
    "mean_absolute_percentage_error": 35.71428656578064
  },
  "Q5": {
    "query_id": "5",
    "status": "success",
    "execution_time": 2.907071590423584,
    "token_usage": 35820.0,
    "money_cost": 0.011405999999999998,
    "row_count": 10,
    "model_name": "gemini-2.5-flash",
    "concurrent_llm_worker": 20,
    "precision": 0.4444444444444444,
    "recall": 0.4,
    "f1_score": 0.4210526315789474
  },
  "Q6": {
    "query_id": "6",
    "status": "success",
    "execution_time": 2.7756011486053467,
    "token_usage": 35720.0,
    "money_cost": 0.011376,
    "row_count": 10,
    "model_name": "gemini-2.5-flash",
    "concurrent_llm_worker": 20,
    "precision": 0.5555555555555556,
    "recall": 0.5,
    "f1_score": 0.5263157894736842
  },
  "Q7": {
    "query_id": "7",
    "status": "success",
    "execution_time": 1509.7386898994446,
    "token_usage": 24582144.0,
    "money_cost": 7.807180799999705,
    "row_count": 12324,
    "model_name": "gemini-2.5-flash",
    "concurrent_llm_worker": 20,
    "precision": 0.8103837471783296,
    "recall": 0.43866080156402737,
    "f1_score": 0.5692088156017124
  },
  "Q8": {
    "query_id": "8",
    "status": "success",
    "execution_time": 4.65648078918457,
    "token_usage": 46230.0,
    "money_cost": 0.018620999999999988,
    "row_count": 2,
    "model_name": "gemini-2.5-flash",
    "concurrent_llm_worker": 20,
    "relative_error": 0.16172506738544473,
    "absolute_error": 8.0,
    "mean_absolute_percentage_error": 16.172506738544474
  },
  "Q9": {
    "query_id": "9",
    "status": "success",
    "execution_time": 6.043757438659668,
    "token_usage": 131852.0,
    "money_cost": 0.04969319999999998,
    "row_count": 256,
    "model_name": "gemini-2.5-flash",
    "concurrent_llm_worker": 20,
    "spearman_correlation": 0.7861907000421336,
    "kendall_tau": 0.6957127141505507
  }
}