{
  "Q1": {
    "query_id": "1",
    "status": "success",
    "execution_time": 1.9882440567016602,
    "token_usage": 6680.0,
    "money_cost": 0.0027146,
    "row_count": 1,
    "model_name": "gemini-2.5-flash",
    "concurrent_llm_worker": 20,
    "precision": 1.0,
    "recall": 1.0,
    "f1_score": 1.0
  },
  "Q2a": {
    "query_id": "2a",
    "status": "success",
    "execution_time": 61.48571729660034,
    "token_usage": 1563924.0,
    "money_cost": 0.4777572000000017,
    "row_count": 6,
    "model_name": "gemini-2.5-flash",
    "concurrent_llm_worker": 20,
    "precision": 0.8333333333333334,
    "recall": 1.0,
    "f1_score": 0.9090909090909091
  },
  "Q2b": {
    "query_id": "2b",
    "status": "success",
    "execution_time": 64.20064282417297,
    "token_usage": 1572912.0,
    "money_cost": 0.48069120000000143,
    "row_count": 6,
    "model_name": "gemini-2.5-flash",
    "concurrent_llm_worker": 20,
    "precision": 0.8333333333333334,
    "recall": 1.0,
    "f1_score": 0.9090909090909091
  },
  "Q3a": {
    "query_id": "3a",
    "status": "success",
    "execution_time": 2.213240385055542,
    "token_usage": 33954.0,
    "money_cost": 0.010846199999999999,
    "row_count": 14,
    "model_name": "gemini-2.5-flash",
    "concurrent_llm_worker": 20,
    "precision": 0.8571428571428571,
    "recall": 0.9230769230769231,
    "f1_score": 0.888888888888889
  },
  "Q3f": {
    "query_id": "3f",
    "status": "success",
    "execution_time": 2.2630350589752197,
    "token_usage": 33954.0,
    "money_cost": 0.0108462,
    "row_count": 4,
    "model_name": "gemini-2.5-flash",
    "concurrent_llm_worker": 20,
    "precision": 0.75,
    "recall": 1.0,
    "f1_score": 0.8571428571428571
  },
  "Q4": {
    "query_id": "4",
    "status": "success",
    "execution_time": 1.101738452911377,
    "token_usage": 12395.0,
    "money_cost": 0.004778899999999999,
    "row_count": 24,
    "model_name": "gemini-2.5-flash",
    "concurrent_llm_worker": 20,
    "precision": 0.5238095238095238,
    "recall": 0.5641025641025641,
    "f1_score": 0.5432098765432098
  },
  "Q5": {
    "query_id": "5",
    "status": "success",
    "execution_time": 1.5623948574066162,
    "token_usage": 4026.0,
    "money_cost": 0.001254,
    "row_count": 1,
    "model_name": "gemini-2.5-flash",
    "concurrent_llm_worker": 20,
    "precision": 1.0,
    "recall": 1.0,
    "f1_score": 1.0
  },
  "Q6a": {
    "query_id": "6a",
    "status": "success",
    "execution_time": 2.084906578063965,
    "token_usage": 24482.0,
    "money_cost": 0.008004600000000002,
    "row_count": 1,
    "model_name": "gemini-2.5-flash",
    "concurrent_llm_worker": 20,
    "precision": 1.0,
    "recall": 1.0,
    "f1_score": 1.0
  },
  "Q6b": {
    "query_id": "6b",
    "status": "success",
    "execution_time": 2.2818946838378906,
    "token_usage": 24482.0,
    "money_cost": 0.008004599999999999,
    "row_count": 1,
    "model_name": "gemini-2.5-flash",
    "concurrent_llm_worker": 20,
    "precision": 1.0,
    "recall": 1.0,
    "f1_score": 1.0
  },
  "Q6c": {
    "query_id": "6c",
    "status": "success",
    "execution_time": 2.187281608581543,
    "token_usage": 24482.0,
    "money_cost": 0.0080046,
    "row_count": 5,
    "model_name": "gemini-2.5-flash",
    "concurrent_llm_worker": 20,
    "precision": 1.0,
    "recall": 1.0,
    "f1_score": 1.0
  },
  "Q7": {
    "query_id": "7",
    "status": "success",
    "execution_time": 475.67068243026733,
    "token_usage": 11862500.0,
    "money_cost": 3.6247500000002173,
    "row_count": 20,
    "model_name": "gemini-2.5-flash",
    "concurrent_llm_worker": 20,
    "precision": 0.3333333333333333,
    "recall": 1.0,
    "f1_score": 0.5
  }
}