{
  "Q1": {
    "query_id": "1",
    "status": "success",
    "execution_time": 2.134343385696411,
    "token_usage": 3754.0,
    "money_cost": 0.0012318000000000001,
    "row_count": 5,
    "model_name": "gemini-2.5-flash",
    "concurrent_llm_worker": 20,
    "precision": 1.0,
    "recall": 1.0,
    "f1_score": 1.0
  },
  "Q10": {
    "query_id": "10",
    "status": "success",
    "execution_time": 190.5942883491516,
    "token_usage": 3991000.0,
    "money_cost": 1.5140604000000097,
    "row_count": 151,
    "model_name": "gemini-2.5-flash",
    "concurrent_llm_worker": 20,
    "spearman_correlation": 0.4266981401872941,
    "kendall_tau": 0.29468795925356384
  },
  "Q2": {
    "query_id": "2",
    "status": "success",
    "execution_time": 121.85524702072144,
    "token_usage": 16542.0,
    "money_cost": 0.005431200000000001,
    "row_count": 5,
    "model_name": "gemini-2.5-flash",
    "concurrent_llm_worker": 20,
    "precision": 1.0,
    "recall": 1.0,
    "f1_score": 1.0
  },
  "Q3": {
    "query_id": "3",
    "status": "success",
    "execution_time": 15.954461097717285,
    "token_usage": 27990.0,
    "money_cost": 0.009189000000000001,
    "row_count": 1,
    "model_name": "gemini-2.5-flash",
    "concurrent_llm_worker": 20,
    "relative_error": 0.5714285714285714,
    "absolute_error": 8.0,
    "mean_absolute_percentage_error": 57.14285714285714
  },
  "Q4": {
    "query_id": "4",
    "status": "success",
    "execution_time": 15.63437008857727,
    "token_usage": 46830.0,
    "money_cost": 0.018801,
    "row_count": 1,
    "model_name": "gemini-2.5-flash",
    "concurrent_llm_worker": 20,
    "relative_error": 0.3571428656578064,
    "absolute_error": 0.04166666716337204,
    "mean_absolute_percentage_error": 35.71428656578064
  },
  "Q5": {
    "query_id": "5",
    "status": "success",
    "execution_time": 3.1955349445343018,
    "token_usage": 38540.0,
    "money_cost": 0.012221999999999993,
    "row_count": 10,
    "model_name": "gemini-2.5-flash",
    "concurrent_llm_worker": 20,
    "precision": 0.5,
    "recall": 0.5,
    "f1_score": 0.5
  },
  "Q6": {
    "query_id": "6",
    "status": "success",
    "execution_time": 3.170088768005371,
    "token_usage": 38440.0,
    "money_cost": 0.012192000000000001,
    "row_count": 10,
    "model_name": "gemini-2.5-flash",
    "concurrent_llm_worker": 20,
    "precision": 0.875,
    "recall": 0.7,
    "f1_score": 0.7777777777777777
  },
  "Q7": {
    "query_id": "7",
    "status": "success",
    "execution_time": 1496.4266335964203,
    "token_usage": 24582144.0,
    "money_cost": 7.8071807999996325,
    "row_count": 12324,
    "model_name": "gemini-2.5-flash",
    "concurrent_llm_worker": 20,
    "precision": 0.8103837471783296,
    "recall": 0.43866080156402737,
    "f1_score": 0.5692088156017124
  },
  "Q8": {
    "query_id": "8",
    "status": "success",
    "execution_time": 14.197107791900635,
    "token_usage": 46230.0,
    "money_cost": 0.018621000000000006,
    "row_count": 2,
    "model_name": "gemini-2.5-flash",
    "concurrent_llm_worker": 20,
    "relative_error": 0.16172506738544473,
    "absolute_error": 8.0,
    "mean_absolute_percentage_error": 16.172506738544474
  },
  "Q9": {
    "query_id": "9",
    "status": "success",
    "execution_time": 6.769770860671997,
    "token_usage": 131852.0,
    "money_cost": 0.04969319999999998,
    "row_count": 256,
    "model_name": "gemini-2.5-flash",
    "concurrent_llm_worker": 20,
    "spearman_correlation": 0.7861907000421336,
    "kendall_tau": 0.6957127141505507
  }
}