{
  "Q1": {
    "query_id": "1",
    "status": "success",
    "execution_time": 47.97586250305176,
    "token_usage": 2033491,
    "money_cost": 0.7188593,
    "row_count": 770,
    "model_name": "gemini-2.5-flash",
    "concurrent_llm_worker": 20,
    "precision": 0.5675324675324676,
    "recall": 0.9646799116997793,
    "f1_score": 0.7146361406377759
  },
  "Q10": {
    "query_id": "10",
    "status": "success",
    "execution_time": 49.4753360748291,
    "token_usage": 4135441,
    "money_cost": 1.3491099,
    "row_count": 9828,
    "model_name": "gemini-2.5-flash",
    "concurrent_llm_worker": 20,
    "precision": 0.580795242672414,
    "recall": 0.6287114711846234,
    "f1_score": 0.5699429239868662
  },
  "Q2": {
    "query_id": "2",
    "status": "success",
    "execution_time": 12.961111783981323,
    "token_usage": 7560,
    "money_cost": 0.006408,
    "row_count": 15,
    "model_name": "gemini-2.5-flash",
    "concurrent_llm_worker": 20,
    "precision": 0.0,
    "recall": 0.0,
    "f1_score": 0.0
  },
  "Q3": {
    "query_id": "3",
    "status": "success",
    "execution_time": 27.558876037597656,
    "token_usage": 2443460,
    "money_cost": 0.751397,
    "row_count": 10,
    "model_name": "gemini-2.5-flash",
    "concurrent_llm_worker": 20,
    "precision": 1.0,
    "recall": 1.0,
    "f1_score": 1.0
  },
  "Q4": {
    "query_id": "4",
    "status": "success",
    "execution_time": 48.59663200378418,
    "token_usage": 1984407,
    "money_cost": 0.7042573000000001,
    "row_count": 1,
    "model_name": "gemini-2.5-flash",
    "concurrent_llm_worker": 20,
    "relative_error": 0.02740525798810589,
    "absolute_error": 0.3763429050684408,
    "mean_absolute_percentage_error": 2.740525798810589
  },
  "Q5": {
    "query_id": "5",
    "status": "success",
    "execution_time": 41.13026237487793,
    "token_usage": 3077178,
    "money_cost": 0.9504197999999999,
    "row_count": 1,
    "model_name": "gemini-2.5-flash",
    "concurrent_llm_worker": 20,
    "relative_error": 0.0,
    "absolute_error": 0.0,
    "mean_absolute_percentage_error": 0.0
  },
  "Q6": {
    "query_id": "6",
    "status": "success",
    "execution_time": 32.14749026298523,
    "token_usage": 3156599,
    "money_cost": 0.9933002999999999,
    "row_count": 959,
    "model_name": "gemini-2.5-flash",
    "concurrent_llm_worker": 20,
    "precision": 0.9551616266944735,
    "recall": 0.9642105263157895,
    "f1_score": 0.959664745940283
  },
  "Q7": {
    "query_id": "7",
    "status": "success",
    "execution_time": 61.00932812690735,
    "token_usage": 4816521,
    "money_cost": 1.5790216999999998,
    "row_count": 6762,
    "model_name": "gemini-2.5-flash",
    "concurrent_llm_worker": 20,
    "precision": 0.28926353149955636,
    "recall": 0.9736187157789945,
    "f1_score": 0.44601527761942766
  },
  "Q8": {
    "query_id": "8",
    "status": "success",
    "execution_time": 29.8678297996521,
    "token_usage": 2737790,
    "money_cost": 0.8417948,
    "row_count": 100,
    "model_name": "gemini-2.5-flash",
    "concurrent_llm_worker": 20,
    "precision": 0.21,
    "recall": 0.27631578947368424,
    "f1_score": 0.23863636363636365
  },
  "Q9": {
    "query_id": "9",
    "status": "success",
    "execution_time": 10.282740592956543,
    "token_usage": 42993,
    "money_cost": 0.014415899999999999,
    "row_count": 7,
    "model_name": "gemini-2.5-flash",
    "concurrent_llm_worker": 20,
    "precision": 0.0,
    "recall": 0.0,
    "f1_score": 0.0
  }
}