{
  "Q1": {
    "query_id": "1",
    "status": "success",
    "execution_time": 43.489962339401245,
    "token_usage": 412104,
    "money_cost": 0.2082542,
    "row_count": 5,
    "model_name": "gemini-2.5-flash",
    "concurrent_llm_worker": 20,
    "precision": 1.0,
    "recall": 1.0,
    "f1_score": 1.0
  },
  "Q10": {
    "query_id": "10",
    "status": "success",
    "execution_time": 51.205267906188965,
    "token_usage": 2372518,
    "money_cost": 0.8072419999999999,
    "row_count": 151,
    "model_name": "gemini-2.5-flash",
    "concurrent_llm_worker": 20,
    "spearman_correlation": 0.4090292902147288,
    "kendall_tau": 0.27829764973166465
  },
  "Q2": {
    "query_id": "2",
    "status": "success",
    "execution_time": 9.799485683441162,
    "token_usage": 5490,
    "money_cost": 0.0028460000000000004,
    "row_count": 5,
    "model_name": "gemini-2.5-flash",
    "concurrent_llm_worker": 20,
    "precision": 1.0,
    "recall": 1.0,
    "f1_score": 1.0
  },
  "Q3": {
    "query_id": "3",
    "status": "success",
    "execution_time": 11.959101438522339,
    "token_usage": 6032,
    "money_cost": 0.0031295999999999997,
    "row_count": 1,
    "model_name": "gemini-2.5-flash",
    "concurrent_llm_worker": 20,
    "relative_error": 0.5714285714285714,
    "absolute_error": 8.0,
    "mean_absolute_percentage_error": 57.14285714285714
  },
  "Q4": {
    "query_id": "4",
    "status": "success",
    "execution_time": 12.403619289398193,
    "token_usage": 6032,
    "money_cost": 0.0031295999999999997,
    "row_count": 1,
    "model_name": "gemini-2.5-flash",
    "concurrent_llm_worker": 20,
    "relative_error": 0.5714285969734192,
    "absolute_error": 0.06666666716337204,
    "mean_absolute_percentage_error": 57.14285969734192
  },
  "Q5": {
    "query_id": "5",
    "status": "success",
    "execution_time": 56.328773021698,
    "token_usage": 2613729,
    "money_cost": 1.0040768999999998,
    "row_count": 10,
    "model_name": "gemini-2.5-flash",
    "concurrent_llm_worker": 20,
    "precision": 0.8888888888888888,
    "recall": 0.8,
    "f1_score": 0.8421052631578948
  },
  "Q6": {
    "query_id": "6",
    "status": "success",
    "execution_time": 55.63806080818176,
    "token_usage": 2592114,
    "money_cost": 1.0012862,
    "row_count": 10,
    "model_name": "gemini-2.5-flash",
    "concurrent_llm_worker": 20,
    "precision": 0.5555555555555556,
    "recall": 0.5,
    "f1_score": 0.5263157894736842
  },
  "Q7": {
    "query_id": "7",
    "status": "success",
    "execution_time": 248.99632954597473,
    "token_usage": 4792036,
    "money_cost": 1.8372495999999998,
    "row_count": 36236,
    "model_name": "gemini-2.5-flash",
    "concurrent_llm_worker": 20,
    "precision": 0.6062647356012125,
    "recall": 0.8797653958944281,
    "f1_score": 0.7178464606181456
  },
  "Q8": {
    "query_id": "8",
    "status": "success",
    "execution_time": 14.512992858886719,
    "token_usage": 6032,
    "money_cost": 0.0031295999999999997,
    "row_count": 2,
    "model_name": "gemini-2.5-flash",
    "concurrent_llm_worker": 20,
    "relative_error": 0.32345013477088946,
    "absolute_error": 16.0,
    "mean_absolute_percentage_error": 32.34501347708895
  },
  "Q9": {
    "query_id": "9",
    "status": "success",
    "execution_time": 26.567556858062744,
    "token_usage": 84248,
    "money_cost": 0.0287328,
    "row_count": 256,
    "model_name": "gemini-2.5-flash",
    "concurrent_llm_worker": 20,
    "spearman_correlation": 0.7369114089945621,
    "kendall_tau": 0.6330800010161629
  }
}