{
  "Q1": {
    "query_id": "1",
    "status": "success",
    "execution_time": 20.759504556655884,
    "token_usage": 48372,
    "money_cost": 0.0238836,
    "row_count": 5,
    "model_name": "gemini-2.5-flash",
    "concurrent_llm_worker": 20,
    "precision": 0.8,
    "recall": 0.8,
    "f1_score": 0.8000000000000002
  },
  "Q10": {
    "query_id": "10",
    "status": "success",
    "execution_time": 26.383148908615112,
    "token_usage": 382039,
    "money_cost": 0.1270131,
    "row_count": 77,
    "model_name": "gemini-2.5-flash",
    "concurrent_llm_worker": 20,
    "spearman_correlation": 0.35273661408260354,
    "kendall_tau": 0.24222186528345072
  },
  "Q2": {
    "query_id": "2",
    "status": "success",
    "execution_time": 9.8726065158844,
    "token_usage": 5736,
    "money_cost": 0.0029747999999999997,
    "row_count": 5,
    "model_name": "gemini-2.5-flash",
    "concurrent_llm_worker": 20,
    "precision": 1.0,
    "recall": 1.0,
    "f1_score": 1.0
  },
  "Q3": {
    "query_id": "3",
    "status": "success",
    "execution_time": 11.09404706954956,
    "token_usage": 6032,
    "money_cost": 0.0031295999999999997,
    "row_count": 1,
    "model_name": "gemini-2.5-flash",
    "concurrent_llm_worker": 20,
    "relative_error": 0.5714285714285714,
    "absolute_error": 8.0,
    "mean_absolute_percentage_error": 57.14285714285714
  },
  "Q4": {
    "query_id": "4",
    "status": "success",
    "execution_time": 11.276576519012451,
    "token_usage": 6032,
    "money_cost": 0.0031295999999999997,
    "row_count": 1,
    "model_name": "gemini-2.5-flash",
    "concurrent_llm_worker": 20,
    "relative_error": 0.5714285969734192,
    "absolute_error": 0.06666666716337204,
    "mean_absolute_percentage_error": 57.14285969734192
  },
  "Q5": {
    "query_id": "5",
    "status": "success",
    "execution_time": 55.72749161720276,
    "token_usage": 2631941,
    "money_cost": 1.0095009,
    "row_count": 10,
    "model_name": "gemini-2.5-flash",
    "concurrent_llm_worker": 20,
    "precision": 1.0,
    "recall": 1.0,
    "f1_score": 1.0
  },
  "Q6": {
    "query_id": "6",
    "status": "success",
    "execution_time": 55.692973375320435,
    "token_usage": 2610660,
    "money_cost": 1.0053782,
    "row_count": 10,
    "model_name": "gemini-2.5-flash",
    "concurrent_llm_worker": 20,
    "precision": 0.4444444444444444,
    "recall": 0.4,
    "f1_score": 0.4210526315789474
  },
  "Q7": {
    "query_id": "7",
    "status": "success",
    "execution_time": 263.5799491405487,
    "token_usage": 8515104,
    "money_cost": 3.2765184,
    "row_count": 36236,
    "model_name": "gemini-2.5-flash",
    "concurrent_llm_worker": 20,
    "precision": 0.6062647356012125,
    "recall": 0.8797653958944281,
    "f1_score": 0.7178464606181456
  },
  "Q8": {
    "query_id": "8",
    "status": "success",
    "execution_time": 11.31584358215332,
    "token_usage": 6032,
    "money_cost": 0.0031295999999999997,
    "row_count": 2,
    "model_name": "gemini-2.5-flash",
    "concurrent_llm_worker": 20,
    "relative_error": 0.32345013477088946,
    "absolute_error": 16.0,
    "mean_absolute_percentage_error": 32.34501347708895
  },
  "Q9": {
    "query_id": "9",
    "status": "success",
    "execution_time": 15.760143518447876,
    "token_usage": 92281,
    "money_cost": 0.031312099999999995,
    "row_count": 256,
    "model_name": "gemini-2.5-flash",
    "concurrent_llm_worker": 20,
    "spearman_correlation": 0.760861690430047,
    "kendall_tau": 0.6528842356255549
  }
}