{
  "Q1": {
    "query_id": "1",
    "status": "success",
    "execution_time": 2.093738317489624,
    "token_usage": 3230.0,
    "money_cost": 0.0010613999999999999,
    "row_count": 5,
    "model_name": "gemini-2.5-flash",
    "concurrent_llm_worker": 20,
    "precision": 1.0,
    "recall": 1.0,
    "f1_score": 1.0
  },
  "Q10": {
    "query_id": "10",
    "status": "success",
    "execution_time": 22.451050996780396,
    "token_usage": 502094.0,
    "money_cost": 0.19022819999999988,
    "row_count": 77,
    "model_name": "gemini-2.5-flash",
    "concurrent_llm_worker": 20,
    "spearman_correlation": 0.39262471552284145,
    "kendall_tau": 0.26974694299294294
  },
  "Q2": {
    "query_id": "2",
    "status": "success",
    "execution_time": 37.44888734817505,
    "token_usage": 27523.0,
    "money_cost": 0.009035699999999999,
    "row_count": 5,
    "model_name": "gemini-2.5-flash",
    "concurrent_llm_worker": 20,
    "precision": 1.0,
    "recall": 1.0,
    "f1_score": 1.0
  },
  "Q3": {
    "query_id": "3",
    "status": "success",
    "execution_time": 4.505860090255737,
    "token_usage": 27990.0,
    "money_cost": 0.009189000000000001,
    "row_count": 1,
    "model_name": "gemini-2.5-flash",
    "concurrent_llm_worker": 20,
    "relative_error": 0.5714285714285714,
    "absolute_error": 8.0,
    "mean_absolute_percentage_error": 57.14285714285714
  },
  "Q4": {
    "query_id": "4",
    "status": "success",
    "execution_time": 4.657930374145508,
    "token_usage": 46830.0,
    "money_cost": 0.018801000000000002,
    "row_count": 1,
    "model_name": "gemini-2.5-flash",
    "concurrent_llm_worker": 20,
    "relative_error": 0.3571428656578064,
    "absolute_error": 0.04166666716337204,
    "mean_absolute_percentage_error": 35.71428656578064
  },
  "Q5": {
    "query_id": "5",
    "status": "success",
    "execution_time": 4.338113307952881,
    "token_usage": 35820.0,
    "money_cost": 0.011406000000000001,
    "row_count": 10,
    "model_name": "gemini-2.5-flash",
    "concurrent_llm_worker": 20,
    "precision": 0.3333333333333333,
    "recall": 0.3,
    "f1_score": 0.3157894736842105
  },
  "Q6": {
    "query_id": "6",
    "status": "success",
    "execution_time": 2.844925880432129,
    "token_usage": 35720.0,
    "money_cost": 0.011375999999999997,
    "row_count": 10,
    "model_name": "gemini-2.5-flash",
    "concurrent_llm_worker": 20,
    "precision": 0.8571428571428571,
    "recall": 0.6,
    "f1_score": 0.7058823529411764
  },
  "Q7": {
    "query_id": "7",
    "status": "success",
    "execution_time": 1562.2234802246094,
    "token_usage": 24582144.0,
    "money_cost": 7.80718079999978,
    "row_count": 12324,
    "model_name": "gemini-2.5-flash",
    "concurrent_llm_worker": 20,
    "precision": 0.8103837471783296,
    "recall": 0.43866080156402737,
    "f1_score": 0.5692088156017124
  },
  "Q8": {
    "query_id": "8",
    "status": "success",
    "execution_time": 4.885961055755615,
    "token_usage": 46230.0,
    "money_cost": 0.018621000000000006,
    "row_count": 2,
    "model_name": "gemini-2.5-flash",
    "concurrent_llm_worker": 20,
    "relative_error": 0.16172506738544473,
    "absolute_error": 8.0,
    "mean_absolute_percentage_error": 16.172506738544474
  },
  "Q9": {
    "query_id": "9",
    "status": "success",
    "execution_time": 6.21411919593811,
    "token_usage": 131852.0,
    "money_cost": 0.04969319999999993,
    "row_count": 256,
    "model_name": "gemini-2.5-flash",
    "concurrent_llm_worker": 20,
    "spearman_correlation": 0.7861907000421336,
    "kendall_tau": 0.6957127141505507
  }
}