{
  "Q1": {
    "query_id": "1",
    "status": "success",
    "execution_time": 2.0391438007354736,
    "token_usage": 6680.0,
    "money_cost": 0.0027146000000000006,
    "row_count": 1,
    "model_name": "gemini-2.5-flash",
    "concurrent_llm_worker": 20,
    "precision": 1.0,
    "recall": 1.0,
    "f1_score": 1.0
  },
  "Q2a": {
    "query_id": "2a",
    "status": "success",
    "execution_time": 247.60093140602112,
    "token_usage": 6306006.0,
    "money_cost": 1.926121800000002,
    "row_count": 6,
    "model_name": "gemini-2.5-flash",
    "concurrent_llm_worker": 20,
    "precision": 0.8333333333333334,
    "recall": 1.0,
    "f1_score": 0.9090909090909091
  },
  "Q2b": {
    "query_id": "2b",
    "status": "success",
    "execution_time": 259.04886960983276,
    "token_usage": 6314994.0,
    "money_cost": 1.9290557999999893,
    "row_count": 6,
    "model_name": "gemini-2.5-flash",
    "concurrent_llm_worker": 20,
    "precision": 0.8333333333333334,
    "recall": 1.0,
    "f1_score": 0.9090909090909091
  },
  "Q3a": {
    "query_id": "3a",
    "status": "success",
    "execution_time": 7.500304698944092,
    "token_usage": 132029.0,
    "money_cost": 0.042248699999999924,
    "row_count": 19,
    "model_name": "gemini-2.5-flash",
    "concurrent_llm_worker": 20,
    "precision": 0.631578947368421,
    "recall": 0.9230769230769231,
    "f1_score": 0.7499999999999999
  },
  "Q3f": {
    "query_id": "3f",
    "status": "success",
    "execution_time": 7.4332191944122314,
    "token_usage": 132029.0,
    "money_cost": 0.04224869999999997,
    "row_count": 4,
    "model_name": "gemini-2.5-flash",
    "concurrent_llm_worker": 20,
    "precision": 0.75,
    "recall": 1.0,
    "f1_score": 0.8571428571428571
  },
  "Q4": {
    "query_id": "4",
    "status": "success",
    "execution_time": 1.3160343170166016,
    "token_usage": 12395.0,
    "money_cost": 0.004778899999999999,
    "row_count": 24,
    "model_name": "gemini-2.5-flash",
    "concurrent_llm_worker": 20,
    "precision": 0.5238095238095238,
    "recall": 0.5641025641025641,
    "f1_score": 0.5432098765432098
  },
  "Q5": {
    "query_id": "5",
    "status": "success",
    "execution_time": 1.5846905708312988,
    "token_usage": 4026.0,
    "money_cost": 0.001254,
    "row_count": 1,
    "model_name": "gemini-2.5-flash",
    "concurrent_llm_worker": 20,
    "precision": 1.0,
    "recall": 1.0,
    "f1_score": 1.0
  },
  "Q6a": {
    "query_id": "6a",
    "status": "success",
    "execution_time": 8.186124086380005,
    "token_usage": 96719.0,
    "money_cost": 0.031655699999999995,
    "row_count": 1,
    "model_name": "gemini-2.5-flash",
    "concurrent_llm_worker": 20,
    "precision": 1.0,
    "recall": 1.0,
    "f1_score": 1.0
  },
  "Q6b": {
    "query_id": "6b",
    "status": "success",
    "execution_time": 7.804206609725952,
    "token_usage": 96719.0,
    "money_cost": 0.03165569999999999,
    "row_count": 1,
    "model_name": "gemini-2.5-flash",
    "concurrent_llm_worker": 20,
    "precision": 1.0,
    "recall": 1.0,
    "f1_score": 1.0
  },
  "Q6c": {
    "query_id": "6c",
    "status": "success",
    "execution_time": 7.5522520542144775,
    "token_usage": 96719.0,
    "money_cost": 0.03165569999999998,
    "row_count": 6,
    "model_name": "gemini-2.5-flash",
    "concurrent_llm_worker": 20,
    "precision": 0.8333333333333334,
    "recall": 1.0,
    "f1_score": 0.9090909090909091
  },
  "Q7": {
    "query_id": "7",
    "status": "success",
    "execution_time": 8200.381816148758,
    "token_usage": 191356938.0,
    "money_cost": 58.463068200004166,
    "row_count": 83,
    "model_name": "gemini-2.5-flash",
    "concurrent_llm_worker": 20,
    "precision": 0.13513513513513514,
    "recall": 1.0,
    "f1_score": 0.2380952380952381
  }
}