{
  "Q1": {
    "query_id": "1",
    "status": "success",
    "execution_time": 29.22095513343811,
    "token_usage": 444840,
    "money_cost": 0.155397,
    "row_count": 11,
    "model_name": "gemini-2.5-flash",
    "concurrent_llm_worker": 20,
    "accuracy": 0.33333333333333326,
    "metric_type": "f1-score",
    "precision": 0.2727272727272727,
    "recall": 0.42857142857142855,
    "f1_score": 0.33333333333333326
  },
  "Q10": {
    "query_id": "10",
    "status": "success",
    "execution_time": 113.01499533653259,
    "token_usage": 27752914,
    "money_cost": 8.5428756,
    "row_count": 52,
    "model_name": "gemini-2.5-flash",
    "concurrent_llm_worker": 20,
    "accuracy": 0.08823529411764705,
    "metric_type": "f1-score",
    "precision": 0.057692307692307696,
    "recall": 0.1875,
    "f1_score": 0.08823529411764705
  },
  "Q11": {
    "query_id": "11",
    "status": "success",
    "execution_time": 351.80961894989014,
    "token_usage": 81751292,
    "money_cost": 25.299721599999998,
    "row_count": 432,
    "model_name": "gemini-2.5-flash",
    "concurrent_llm_worker": 20,
    "accuracy": 0.7549019607843137,
    "metric_type": "f1-score",
    "precision": 0.7129629629629629,
    "recall": 0.8020833333333334,
    "f1_score": 0.7549019607843137
  },
  "Q12": {
    "query_id": "12",
    "status": "success",
    "execution_time": 150.84166836738586,
    "token_usage": 1048171,
    "money_cost": 0.3431899,
    "row_count": 208,
    "model_name": "gemini-2.5-flash",
    "concurrent_llm_worker": 20,
    "accuracy": 0.9563106796116505,
    "metric_type": "f1-score",
    "precision": 0.9471153846153846,
    "recall": 0.9656862745098039,
    "f1_score": 0.9563106796116505
  },
  "Q13": {
    "query_id": "13",
    "status": "success",
    "execution_time": 75.20782399177551,
    "token_usage": 5007537,
    "money_cost": 1.5242589,
    "row_count": 15,
    "model_name": "gemini-2.5-flash",
    "concurrent_llm_worker": 20,
    "accuracy": 0.5925925925925926,
    "metric_type": "f1-score",
    "precision": 0.5333333333333333,
    "recall": 0.6666666666666666,
    "f1_score": 0.5925925925925926
  },
  "Q14": {
    "query_id": "14",
    "status": "success",
    "execution_time": 48.170350074768066,
    "token_usage": 5143023,
    "money_cost": 1.5685919,
    "row_count": 2,
    "model_name": "gemini-2.5-flash",
    "concurrent_llm_worker": 20,
    "accuracy": 0.0,
    "metric_type": "f1-score",
    "precision": 0.0,
    "recall": 0.0,
    "f1_score": 0.0
  },
  "Q2": {
    "query_id": "2",
    "status": "success",
    "execution_time": 30.577208995819092,
    "token_usage": 4401688,
    "money_cost": 1.3425063999999998,
    "row_count": 11,
    "model_name": "gemini-2.5-flash",
    "concurrent_llm_worker": 20,
    "accuracy": 0.5000000000000001,
    "metric_type": "f1-score",
    "precision": 0.36363636363636365,
    "recall": 0.8,
    "f1_score": 0.5000000000000001
  },
  "Q3": {
    "query_id": "3",
    "status": "success",
    "execution_time": 29.058981895446777,
    "token_usage": 455582,
    "money_cost": 0.14714,
    "row_count": 2000,
    "model_name": "gemini-2.5-flash",
    "concurrent_llm_worker": 20,
    "accuracy": 0.9627374516961168,
    "metric_type": "adjusted-rand-index"
  },
  "Q4": {
    "query_id": "4",
    "status": "success",
    "execution_time": 24.9739408493042,
    "token_usage": 2665324,
    "money_cost": 0.8023383999999999,
    "row_count": 1178,
    "model_name": "gemini-2.5-flash",
    "concurrent_llm_worker": 20,
    "accuracy": 0.6556669044311556,
    "metric_type": "adjusted-rand-index"
  },
  "Q5": {
    "query_id": "5",
    "status": "success",
    "execution_time": 22.134153842926025,
    "token_usage": 435274,
    "money_cost": 0.1391314,
    "row_count": 980,
    "model_name": "gemini-2.5-flash",
    "concurrent_llm_worker": 20,
    "accuracy": 0.974656982608636,
    "metric_type": "adjusted-rand-index"
  },
  "Q6": {
    "query_id": "6",
    "status": "success",
    "execution_time": 23.154757499694824,
    "token_usage": 2722158,
    "money_cost": 0.8252229999999999,
    "row_count": 980,
    "model_name": "gemini-2.5-flash",
    "concurrent_llm_worker": 20,
    "accuracy": 0.9125911482878551,
    "metric_type": "adjusted-rand-index"
  },
  "Q7": {
    "query_id": "7",
    "status": "success",
    "execution_time": 462.88485407829285,
    "token_usage": 65564163,
    "money_cost": 21.4943975,
    "row_count": 2603,
    "model_name": "gemini-2.5-flash",
    "concurrent_llm_worker": 20,
    "accuracy": 0.8185502026114364,
    "metric_type": "f1-score",
    "precision": 0.69842489435267,
    "recall": 0.9885807504078303,
    "f1_score": 0.8185502026114364
  },
  "Q8": {
    "query_id": "8",
    "status": "success",
    "execution_time": 247.1041169166565,
    "token_usage": 132385508,
    "money_cost": 40.068752399999994,
    "row_count": 234,
    "model_name": "gemini-2.5-flash",
    "concurrent_llm_worker": 20,
    "accuracy": 0.11814345991561181,
    "metric_type": "f1-score",
    "precision": 0.06334841628959276,
    "recall": 0.875,
    "f1_score": 0.11814345991561181
  },
  "Q9": {
    "query_id": "9",
    "status": "success",
    "execution_time": 41.42741274833679,
    "token_usage": 3277359,
    "money_cost": 1.0418794999999998,
    "row_count": 411,
    "model_name": "gemini-2.5-flash",
    "concurrent_llm_worker": 20,
    "accuracy": 0.4703703703703704,
    "metric_type": "f1-score",
    "precision": 0.3175,
    "recall": 0.9071428571428571,
    "f1_score": 0.4703703703703704
  }
}