{
  "Q1": {
    "query_id": "1",
    "status": "success",
    "execution_time": 34.088653802871704,
    "token_usage": 766950,
    "money_cost": 0.24328499999999997,
    "row_count": 7,
    "model_name": "gemini-2.5-flash",
    "concurrent_llm_worker": 20,
    "accuracy": 1.0,
    "metric_type": "f1-score",
    "precision": 1.0,
    "recall": 1.0,
    "f1_score": 1.0
  },
  "Q10": {
    "query_id": "10",
    "status": "success",
    "execution_time": 694.7376847267151,
    "token_usage": 7031374,
    "money_cost": 2.1790751999999998,
    "row_count": 57,
    "model_name": "gemini-2.5-flash",
    "concurrent_llm_worker": 20,
    "accuracy": 0.0,
    "metric_type": "f1-score",
    "precision": 0.0,
    "recall": 0.0,
    "f1_score": 0.0
  },
  "Q11": {
    "query_id": "11",
    "status": "success",
    "execution_time": 1454.0766415596008,
    "token_usage": 10242299,
    "money_cost": 3.1828305,
    "row_count": 8113,
    "model_name": "gemini-2.5-flash",
    "concurrent_llm_worker": 20,
    "accuracy": 0.606845513413506,
    "metric_type": "f1-score",
    "precision": 0.47058823529411764,
    "recall": 0.8541666666666666,
    "f1_score": 0.606845513413506
  },
  "Q12": {
    "query_id": "12",
    "status": "success",
    "execution_time": 357.7874970436096,
    "token_usage": 1389484,
    "money_cost": 0.4401805999999999,
    "row_count": 209,
    "model_name": "gemini-2.5-flash",
    "concurrent_llm_worker": 20,
    "accuracy": 0.5278450363196124,
    "metric_type": "f1-score",
    "precision": 0.5215311004784688,
    "recall": 0.5343137254901961,
    "f1_score": 0.5278450363196124
  },
  "Q13": {
    "query_id": "13",
    "status": "success",
    "execution_time": 2967.5476899147034,
    "token_usage": 5356638,
    "money_cost": 1.6201914,
    "row_count": 10,
    "model_name": "gemini-2.5-flash",
    "concurrent_llm_worker": 20,
    "accuracy": 0.6363636363636365,
    "metric_type": "f1-score",
    "precision": 0.7,
    "recall": 0.5833333333333334,
    "f1_score": 0.6363636363636365
  },
  "Q14": {
    "query_id": "14",
    "status": "success",
    "execution_time": 3247.996513605118,
    "token_usage": 5100234,
    "money_cost": 1.5446958000000002,
    "row_count": 3,
    "model_name": "gemini-2.5-flash",
    "concurrent_llm_worker": 20,
    "accuracy": 0.8,
    "metric_type": "f1-score",
    "precision": 0.6666666666666666,
    "recall": 1.0,
    "f1_score": 0.8
  },
  "Q2": {
    "query_id": "2",
    "status": "success",
    "execution_time": 3381.7768709659576,
    "token_usage": 4533688,
    "money_cost": 1.3733064,
    "row_count": 13,
    "model_name": "gemini-2.5-flash",
    "concurrent_llm_worker": 20,
    "accuracy": 0.4444444444444444,
    "metric_type": "f1-score",
    "precision": 0.3076923076923077,
    "recall": 0.8,
    "f1_score": 0.4444444444444444
  },
  "Q3": {
    "query_id": "3",
    "status": "success",
    "execution_time": 34.628223180770874,
    "token_usage": 820245,
    "money_cost": 0.3017225,
    "row_count": 2000,
    "model_name": "gemini-2.5-flash",
    "concurrent_llm_worker": 20,
    "accuracy": 0.9524266609720882,
    "metric_type": "adjusted-rand-index"
  },
  "Q4": {
    "query_id": "4",
    "status": "success",
    "execution_time": 2119.333906650543,
    "token_usage": 2791836,
    "money_cost": 0.8931492,
    "row_count": 1178,
    "model_name": "gemini-2.5-flash",
    "concurrent_llm_worker": 20,
    "accuracy": 0.432951424324792,
    "metric_type": "adjusted-rand-index"
  },
  "Q5": {
    "query_id": "5",
    "status": "success",
    "execution_time": 15.884568691253662,
    "token_usage": 589327,
    "money_cost": 0.1810705,
    "row_count": 980,
    "model_name": "gemini-2.5-flash",
    "concurrent_llm_worker": 20,
    "accuracy": 0.977907829336635,
    "metric_type": "adjusted-rand-index"
  },
  "Q6": {
    "query_id": "6",
    "status": "success",
    "execution_time": 2337.353162765503,
    "token_usage": 2799581,
    "money_cost": 0.8441445,
    "row_count": 980,
    "model_name": "gemini-2.5-flash",
    "concurrent_llm_worker": 20,
    "accuracy": 0.8983733487358332,
    "metric_type": "adjusted-rand-index"
  },
  "Q7": {
    "query_id": "7",
    "status": "success",
    "execution_time": 2037.6534073352814,
    "token_usage": 37083324,
    "money_cost": 11.4809814,
    "row_count": 1316,
    "model_name": "gemini-2.5-flash",
    "concurrent_llm_worker": 20,
    "accuracy": 0.2744849445324882,
    "metric_type": "f1-score",
    "precision": 0.3290273556231003,
    "recall": 0.23545405111473627,
    "f1_score": 0.2744849445324882
  },
  "Q8": {
    "query_id": "8",
    "status": "success",
    "execution_time": 5836.166998624802,
    "token_usage": 73047008,
    "money_cost": 22.1253024,
    "row_count": 224,
    "model_name": "gemini-2.5-flash",
    "concurrent_llm_worker": 20,
    "accuracy": 0.10833333333333332,
    "metric_type": "f1-score",
    "precision": 0.05803571428571429,
    "recall": 0.8125,
    "f1_score": 0.10833333333333332
  },
  "Q9": {
    "query_id": "9",
    "status": "success",
    "execution_time": 468.37629556655884,
    "token_usage": 3740958,
    "money_cost": 1.1574588,
    "row_count": 292,
    "model_name": "gemini-2.5-flash",
    "concurrent_llm_worker": 20,
    "accuracy": 0.611111111111111,
    "metric_type": "f1-score",
    "precision": 0.4520547945205479,
    "recall": 0.9428571428571428,
    "f1_score": 0.611111111111111
  }
}