{
  "Q1": {
    "query_id": "1",
    "status": "success",
    "execution_time": 298.4951355457306,
    "money_cost": 1.3352285999999989,
    "row_count": 718,
    "model_name": "gemini-2.5-flash",
    "concurrent_llm_worker": 20,
    "precision": 0.6002785515320335,
    "recall": 0.9514348785871964,
    "f1_score": 0.7361229718189582
  },
  "Q10": {
    "query_id": "10",
    "status": "success",
    "execution_time": 318.3669812679291,
    "money_cost": 2.786653699999998,
    "row_count": 9828,
    "model_name": "gemini-2.5-flash",
    "concurrent_llm_worker": 20,
    "precision": 0.5417933708780721,
    "recall": 0.5663976135017158,
    "f1_score": 0.5262013117993142
  },
  "Q2": {
    "query_id": "2",
    "status": "success",
    "execution_time": 3.910783529281616,
    "money_cost": 0.0026095,
    "row_count": 0,
    "model_name": "gemini-2.5-flash",
    "concurrent_llm_worker": 20,
    "precision": 1.0,
    "recall": 1.0,
    "f1_score": 1.0
  },
  "Q3": {
    "query_id": "3",
    "status": "success",
    "execution_time": 4.998774528503418,
    "money_cost": 0.009871199999999998,
    "row_count": 10,
    "model_name": "gemini-2.5-flash",
    "concurrent_llm_worker": 20,
    "precision": 0.9,
    "recall": 0.9,
    "f1_score": 0.9
  },
  "Q4": {
    "query_id": "4",
    "status": "success",
    "execution_time": 309.020183801651,
    "money_cost": 1.3204866000000002,
    "row_count": 1,
    "model_name": "gemini-2.5-flash",
    "concurrent_llm_worker": 20,
    "relative_error": 0.02547489904575773,
    "absolute_error": 0.3498342368229732,
    "mean_absolute_percentage_error": 2.547489904575773
  },
  "Q5": {
    "query_id": "5",
    "status": "success",
    "execution_time": 4.3635547161102295,
    "money_cost": 0.006432199999999999,
    "row_count": 1,
    "model_name": "gemini-2.5-flash",
    "concurrent_llm_worker": 20,
    "relative_error": 0.0,
    "absolute_error": 0.0,
    "mean_absolute_percentage_error": 0.0
  },
  "Q6": {
    "query_id": "6",
    "status": "success",
    "execution_time": 220.9229118824005,
    "money_cost": 1.2746144999999791,
    "row_count": 966,
    "model_name": "gemini-2.5-flash",
    "concurrent_llm_worker": 20,
    "precision": 0.9575569358178054,
    "recall": 0.9736842105263158,
    "f1_score": 0.965553235908142
  },
  "Q7": {
    "query_id": "7",
    "status": "success",
    "execution_time": 478.6227536201477,
    "money_cost": 2.3467889999999834,
    "row_count": 4378,
    "model_name": "gemini-2.5-flash",
    "concurrent_llm_worker": 20,
    "precision": 0.40886249428962995,
    "recall": 0.8909905425584869,
    "f1_score": 0.560513543134492
  },
  "Q8": {
    "query_id": "8",
    "status": "success",
    "execution_time": 105.53192329406738,
    "money_cost": 1.0089276000000218,
    "row_count": 100,
    "model_name": "gemini-2.5-flash",
    "concurrent_llm_worker": 20,
    "precision": 0.3,
    "recall": 0.39473684210526316,
    "f1_score": 0.34090909090909094
  },
  "Q9": {
    "query_id": "9",
    "status": "success",
    "execution_time": 118.41285872459412,
    "money_cost": 1.022070599999971,
    "row_count": 3,
    "model_name": "gemini-2.5-flash",
    "concurrent_llm_worker": 20,
    "precision": 0.0,
    "recall": 0.0,
    "f1_score": 0.0
  }
}