{
  "Q1": {
    "query_id": "1",
    "status": "success",
    "execution_time": 36.43584394454956,
    "token_usage": 843751,
    "money_cost": 0.2969713,
    "row_count": 12,
    "model_name": "gemini-2.5-flash",
    "concurrent_llm_worker": 20,
    "accuracy": 0.3157894736842105,
    "metric_type": "f1-score",
    "precision": 0.25,
    "recall": 0.42857142857142855,
    "f1_score": 0.3157894736842105
  },
  "Q10": {
    "query_id": "10",
    "status": "success",
    "execution_time": 440.4405653476715,
    "token_usage": 118797622,
    "money_cost": 36.7892684,
    "row_count": 774,
    "model_name": "gemini-2.5-flash",
    "concurrent_llm_worker": 20,
    "accuracy": 0.10559006211180126,
    "metric_type": "f1-score",
    "precision": 0.06589147286821706,
    "recall": 0.265625,
    "f1_score": 0.10559006211180126
  },
  "Q11": {
    "query_id": "11",
    "status": "success",
    "execution_time": 2004.428918838501,
    "token_usage": 614785037,
    "money_cost": 191.12593769999998,
    "row_count": 4420,
    "model_name": "gemini-2.5-flash",
    "concurrent_llm_worker": 20,
    "accuracy": 0.6658739595719382,
    "metric_type": "f1-score",
    "precision": 0.6334841628959276,
    "recall": 0.7017543859649122,
    "f1_score": 0.6658739595719382
  },
  "Q12": {
    "query_id": "12",
    "status": "success",
    "execution_time": 57.70271396636963,
    "token_usage": 2095303,
    "money_cost": 0.6857490999999999,
    "row_count": 411,
    "model_name": "gemini-2.5-flash",
    "concurrent_llm_worker": 20,
    "accuracy": 0.9507389162561576,
    "metric_type": "f1-score",
    "precision": 0.9391727493917275,
    "recall": 0.9625935162094763,
    "f1_score": 0.9507389162561576
  },
  "Q13": {
    "query_id": "13",
    "status": "success",
    "execution_time": 38.9373939037323,
    "token_usage": 10151151,
    "money_cost": 3.0894113,
    "row_count": 32,
    "model_name": "gemini-2.5-flash",
    "concurrent_llm_worker": 20,
    "accuracy": 0.36363636363636365,
    "metric_type": "f1-score",
    "precision": 0.25,
    "recall": 0.6666666666666666,
    "f1_score": 0.36363636363636365
  },
  "Q14": {
    "query_id": "14",
    "status": "success",
    "execution_time": 68.81854605674744,
    "token_usage": 11071678,
    "money_cost": 3.3748335999999997,
    "row_count": 4,
    "model_name": "gemini-2.5-flash",
    "concurrent_llm_worker": 20,
    "accuracy": 0.8571428571428571,
    "metric_type": "f1-score",
    "precision": 1.0,
    "recall": 0.75,
    "f1_score": 0.8571428571428571
  },
  "Q2": {
    "query_id": "2",
    "status": "success",
    "execution_time": 37.3977472782135,
    "token_usage": 8986586,
    "money_cost": 2.7398966,
    "row_count": 21,
    "model_name": "gemini-2.5-flash",
    "concurrent_llm_worker": 20,
    "accuracy": 0.3076923076923077,
    "metric_type": "f1-score",
    "precision": 0.19047619047619047,
    "recall": 0.8,
    "f1_score": 0.3076923076923077
  },
  "Q3": {
    "query_id": "3",
    "status": "success",
    "execution_time": 36.022334575653076,
    "token_usage": 865302,
    "money_cost": 0.28069520000000003,
    "row_count": 3992,
    "model_name": "gemini-2.5-flash",
    "concurrent_llm_worker": 20,
    "accuracy": 0.9623482040297023,
    "metric_type": "adjusted-rand-index"
  },
  "Q4": {
    "query_id": "4",
    "status": "success",
    "execution_time": 33.29415154457092,
    "token_usage": 5341252,
    "money_cost": 1.6077832,
    "row_count": 2322,
    "model_name": "gemini-2.5-flash",
    "concurrent_llm_worker": 20,
    "accuracy": 0.6875087119227118,
    "metric_type": "adjusted-rand-index"
  },
  "Q5": {
    "query_id": "5",
    "status": "success",
    "execution_time": 28.28737449645996,
    "token_usage": 781233,
    "money_cost": 0.2505641,
    "row_count": 1856,
    "model_name": "gemini-2.5-flash",
    "concurrent_llm_worker": 20,
    "accuracy": 0.9742729149813938,
    "metric_type": "adjusted-rand-index"
  },
  "Q6": {
    "query_id": "6",
    "status": "success",
    "execution_time": 30.88555669784546,
    "token_usage": 5307615,
    "money_cost": 1.6085095,
    "row_count": 1856,
    "model_name": "gemini-2.5-flash",
    "concurrent_llm_worker": 20,
    "accuracy": 0.9274061130609865,
    "metric_type": "adjusted-rand-index"
  },
  "Q7": {
    "query_id": "7",
    "status": "success",
    "execution_time": 1023.125914812088,
    "token_usage": 191320673,
    "money_cost": 63.205981699999995,
    "row_count": 7566,
    "model_name": "gemini-2.5-flash",
    "concurrent_llm_worker": 20,
    "accuracy": 0.7814622453056332,
    "metric_type": "f1-score",
    "precision": 0.6463124504361618,
    "recall": 0.9880783996767024,
    "f1_score": 0.7814622453056332
  },
  "Q8": {
    "query_id": "8",
    "status": "success",
    "execution_time": 1640.5062294006348,
    "token_usage": 601634090,
    "money_cost": 182.31654600000002,
    "row_count": 944,
    "model_name": "gemini-2.5-flash",
    "concurrent_llm_worker": 20,
    "accuracy": 0.08791208791208789,
    "metric_type": "f1-score",
    "precision": 0.046052631578947366,
    "recall": 0.9655172413793104,
    "f1_score": 0.08791208791208789
  },
  "Q9": {
    "query_id": "9",
    "status": "success",
    "execution_time": 97.90208029747009,
    "token_usage": 15744068,
    "money_cost": 5.00497,
    "row_count": 1264,
    "model_name": "gemini-2.5-flash",
    "concurrent_llm_worker": 20,
    "accuracy": 0.5275754422476587,
    "metric_type": "f1-score",
    "precision": 0.40625,
    "recall": 0.7522255192878339,
    "f1_score": 0.5275754422476587
  }
}