{
  "Q1": {
    "query_id": "1",
    "status": "success",
    "execution_time": 926.2608487606049,
    "money_cost": 2.6714414999999847,
    "row_count": 1477,
    "model_name": "gemini-2.5-flash",
    "concurrent_llm_worker": 20,
    "precision": 0.6120514556533514,
    "recall": 0.9505783385909569,
    "f1_score": 0.7446457990115322
  },
  "Q10": {
    "query_id": "10",
    "status": "success",
    "execution_time": 581.9139456748962,
    "money_cost": 5.574452600000013,
    "row_count": 19657,
    "model_name": "gemini-2.5-flash",
    "concurrent_llm_worker": 20,
    "precision": 0.521859626302693,
    "recall": 0.5492354758473523,
    "f1_score": 0.5066550676170813
  },
  "Q2": {
    "query_id": "2",
    "status": "success",
    "execution_time": 4.212694406509399,
    "money_cost": 0.0044515,
    "row_count": 0,
    "model_name": "gemini-2.5-flash",
    "concurrent_llm_worker": 20,
    "precision": 0.0,
    "recall": 0.0,
    "f1_score": 0.0
  },
  "Q3": {
    "query_id": "3",
    "status": "success",
    "execution_time": 8.320290565490723,
    "money_cost": 0.009097199999999998,
    "row_count": 10,
    "model_name": "gemini-2.5-flash",
    "concurrent_llm_worker": 20,
    "precision": 0.9,
    "recall": 0.9,
    "f1_score": 0.9
  },
  "Q4": {
    "query_id": "4",
    "status": "success",
    "execution_time": 568.3699605464935,
    "money_cost": 2.641955999999989,
    "row_count": 1,
    "model_name": "gemini-2.5-flash",
    "concurrent_llm_worker": 20,
    "relative_error": 0.006420400620609432,
    "absolute_error": 0.08659071570650667,
    "mean_absolute_percentage_error": 0.6420400620609432
  },
  "Q5": {
    "query_id": "5",
    "status": "success",
    "execution_time": 5.711774826049805,
    "money_cost": 0.010833699999999998,
    "row_count": 1,
    "model_name": "gemini-2.5-flash",
    "concurrent_llm_worker": 20,
    "relative_error": 0.0,
    "absolute_error": 0.0,
    "mean_absolute_percentage_error": 0.0
  },
  "Q6": {
    "query_id": "6",
    "status": "success",
    "execution_time": 347.9941246509552,
    "money_cost": 2.562263200000148,
    "row_count": 1937,
    "model_name": "gemini-2.5-flash",
    "concurrent_llm_worker": 20,
    "precision": 0.9576664945792462,
    "recall": 0.9732423924449108,
    "f1_score": 0.9653916211293261
  },
  "Q7": {
    "query_id": "7",
    "status": "success",
    "execution_time": 713.1216688156128,
    "money_cost": 4.704141200000154,
    "row_count": 8801,
    "model_name": "gemini-2.5-flash",
    "concurrent_llm_worker": 20,
    "precision": 0.4093852971253267,
    "recall": 0.8931581556767476,
    "f1_score": 0.5614335800545384
  },
  "Q8": {
    "query_id": "8",
    "status": "success",
    "execution_time": 225.6437702178955,
    "money_cost": 2.028203999999893,
    "row_count": 100,
    "model_name": "gemini-2.5-flash",
    "concurrent_llm_worker": 20,
    "precision": 0.19,
    "recall": 0.19,
    "f1_score": 0.19
  },
  "Q9": {
    "query_id": "9",
    "status": "success",
    "execution_time": 224.8668053150177,
    "money_cost": 2.0537269999998875,
    "row_count": 7,
    "model_name": "gemini-2.5-flash",
    "concurrent_llm_worker": 20,
    "precision": 0.0,
    "recall": 0.0,
    "f1_score": 0.0
  }
}