{
  "Q1": {
    "query_id": "1",
    "status": "success",
    "execution_time": 3.324150800704956,
    "token_usage": 6680.0,
    "money_cost": 0.0027146,
    "row_count": 1,
    "model_name": "gemini-2.5-flash",
    "concurrent_llm_worker": 20,
    "precision": 1.0,
    "recall": 1.0,
    "f1_score": 1.0
  },
  "Q2a": {
    "query_id": "2a",
    "status": "success",
    "execution_time": 144.9013388156891,
    "token_usage": 3097662.0,
    "money_cost": 0.9464586000000136,
    "row_count": 6,
    "model_name": "gemini-2.5-flash",
    "concurrent_llm_worker": 20,
    "precision": 0.8333333333333334,
    "recall": 1.0,
    "f1_score": 0.9090909090909091
  },
  "Q2b": {
    "query_id": "2b",
    "status": "success",
    "execution_time": 126.62018537521362,
    "token_usage": 3106650.0,
    "money_cost": 0.949392600000008,
    "row_count": 6,
    "model_name": "gemini-2.5-flash",
    "concurrent_llm_worker": 20,
    "precision": 0.8333333333333334,
    "recall": 1.0,
    "f1_score": 0.9090909090909091
  },
  "Q3a": {
    "query_id": "3a",
    "status": "success",
    "execution_time": 5.67949366569519,
    "token_usage": 66886.0,
    "money_cost": 0.021385800000000007,
    "row_count": 17,
    "model_name": "gemini-2.5-flash",
    "concurrent_llm_worker": 20,
    "precision": 0.7058823529411765,
    "recall": 0.9230769230769231,
    "f1_score": 0.8000000000000002
  },
  "Q3f": {
    "query_id": "3f",
    "status": "success",
    "execution_time": 6.241539716720581,
    "token_usage": 66886.0,
    "money_cost": 0.0213858,
    "row_count": 4,
    "model_name": "gemini-2.5-flash",
    "concurrent_llm_worker": 20,
    "precision": 0.75,
    "recall": 1.0,
    "f1_score": 0.8571428571428571
  },
  "Q4": {
    "query_id": "4",
    "status": "success",
    "execution_time": 2.3023698329925537,
    "token_usage": 12393.0,
    "money_cost": 0.004773899999999999,
    "row_count": 24,
    "model_name": "gemini-2.5-flash",
    "concurrent_llm_worker": 20,
    "precision": 0.5365853658536586,
    "recall": 0.5641025641025641,
    "f1_score": 0.55
  },
  "Q5": {
    "query_id": "5",
    "status": "failed",
    "execution_time": 0.0,
    "error": "'MemoryDataset' object has no attribute 'sem_agg'",
    "row_count": 0,
    "model_name": "gemini-2.5-flash",
    "concurrent_llm_worker": 20,
    "precision": 0.0,
    "recall": 0.0,
    "f1_score": 0.0
  },
  "Q6a": {
    "query_id": "6a",
    "status": "success",
    "execution_time": 6.569113731384277,
    "token_usage": 48525.0,
    "money_cost": 0.015877499999999992,
    "row_count": 1,
    "model_name": "gemini-2.5-flash",
    "concurrent_llm_worker": 20,
    "precision": 1.0,
    "recall": 1.0,
    "f1_score": 1.0
  },
  "Q6b": {
    "query_id": "6b",
    "status": "success",
    "execution_time": 6.473427772521973,
    "token_usage": 48525.0,
    "money_cost": 0.015877500000000003,
    "row_count": 1,
    "model_name": "gemini-2.5-flash",
    "concurrent_llm_worker": 20,
    "precision": 1.0,
    "recall": 1.0,
    "f1_score": 1.0
  },
  "Q6c": {
    "query_id": "6c",
    "status": "success",
    "execution_time": 7.742209196090698,
    "token_usage": 48525.0,
    "money_cost": 0.015877499999999996,
    "row_count": 5,
    "model_name": "gemini-2.5-flash",
    "concurrent_llm_worker": 20,
    "precision": 1.0,
    "recall": 1.0,
    "f1_score": 1.0
  },
  "Q7": {
    "query_id": "7",
    "status": "success",
    "execution_time": 1992.0539832115173,
    "token_usage": 46985125.0,
    "money_cost": 14.359530899993763,
    "row_count": 30,
    "model_name": "gemini-2.5-flash",
    "concurrent_llm_worker": 20,
    "precision": 0.19230769230769232,
    "recall": 1.0,
    "f1_score": 0.32258064516129037
  }
}