{
  "Q1": {
    "query_id": "1",
    "status": "success",
    "execution_time": 2.0590810775756836,
    "token_usage": 4969.0,
    "money_cost": 0.0016293000000000002,
    "row_count": 5,
    "model_name": "gemini-2.5-flash",
    "concurrent_llm_worker": 20,
    "precision": 1.0,
    "recall": 1.0,
    "f1_score": 1.0
  },
  "Q10": {
    "query_id": "10",
    "status": "success",
    "execution_time": 90.392911195755,
    "token_usage": 1997373.0,
    "money_cost": 0.7576118999999999,
    "row_count": 129,
    "model_name": "gemini-2.5-flash",
    "concurrent_llm_worker": 20,
    "spearman_correlation": 0.49491428576692537,
    "kendall_tau": 0.3461547067001505
  },
  "Q2": {
    "query_id": "2",
    "status": "success",
    "execution_time": 95.41956758499146,
    "token_usage": 25201.0,
    "money_cost": 0.0082731,
    "row_count": 5,
    "model_name": "gemini-2.5-flash",
    "concurrent_llm_worker": 20,
    "precision": 1.0,
    "recall": 1.0,
    "f1_score": 1.0
  },
  "Q3": {
    "query_id": "3",
    "status": "success",
    "execution_time": 9.802731275558472,
    "token_usage": 27990.0,
    "money_cost": 0.009188999999999998,
    "row_count": 1,
    "model_name": "gemini-2.5-flash",
    "concurrent_llm_worker": 20,
    "relative_error": 0.5714285714285714,
    "absolute_error": 8.0,
    "mean_absolute_percentage_error": 57.14285714285714
  },
  "Q4": {
    "query_id": "4",
    "status": "success",
    "execution_time": 9.072973489761353,
    "token_usage": 46830.0,
    "money_cost": 0.01880099999999999,
    "row_count": 1,
    "model_name": "gemini-2.5-flash",
    "concurrent_llm_worker": 20,
    "relative_error": 0.3571428656578064,
    "absolute_error": 0.04166666716337204,
    "mean_absolute_percentage_error": 35.71428656578064
  },
  "Q5": {
    "query_id": "5",
    "status": "success",
    "execution_time": 2.9877817630767822,
    "token_usage": 35800.0,
    "money_cost": 0.011400000000000004,
    "row_count": 10,
    "model_name": "gemini-2.5-flash",
    "concurrent_llm_worker": 20,
    "precision": 0.6,
    "recall": 0.6,
    "f1_score": 0.6
  },
  "Q6": {
    "query_id": "6",
    "status": "success",
    "execution_time": 3.204716920852661,
    "token_usage": 35700.0,
    "money_cost": 0.011370000000000005,
    "row_count": 10,
    "model_name": "gemini-2.5-flash",
    "concurrent_llm_worker": 20,
    "precision": 0.875,
    "recall": 0.7,
    "f1_score": 0.7777777777777777
  },
  "Q7": {
    "query_id": "7",
    "status": "success",
    "execution_time": 1516.2803490161896,
    "token_usage": 24582144.0,
    "money_cost": 7.807180799999592,
    "row_count": 12324,
    "model_name": "gemini-2.5-flash",
    "concurrent_llm_worker": 20,
    "precision": 0.8103837471783296,
    "recall": 0.43866080156402737,
    "f1_score": 0.5692088156017124
  },
  "Q8": {
    "query_id": "8",
    "status": "success",
    "execution_time": 9.651636600494385,
    "token_usage": 46230.0,
    "money_cost": 0.01862099999999999,
    "row_count": 2,
    "model_name": "gemini-2.5-flash",
    "concurrent_llm_worker": 20,
    "relative_error": 0.16172506738544473,
    "absolute_error": 8.0,
    "mean_absolute_percentage_error": 16.172506738544474
  },
  "Q9": {
    "query_id": "9",
    "status": "success",
    "execution_time": 6.591670751571655,
    "token_usage": 131852.0,
    "money_cost": 0.04969319999999995,
    "row_count": 256,
    "model_name": "gemini-2.5-flash",
    "concurrent_llm_worker": 20,
    "spearman_correlation": 0.7861907000421336,
    "kendall_tau": 0.6957127141505507
  }
}