{
  "Q1": {
    "query_id": "1",
    "status": "success",
    "execution_time": 3.8359014987945557,
    "token_usage": 3299.0,
    "money_cost": 0.0010821000000000001,
    "row_count": 5,
    "model_name": "gemini-2.5-flash",
    "concurrent_llm_worker": 20,
    "precision": 1.0,
    "recall": 1.0,
    "f1_score": 1.0
  },
  "Q10": {
    "query_id": "10",
    "status": "success",
    "execution_time": 85.98127174377441,
    "token_usage": 1997373.0,
    "money_cost": 0.7576119000000012,
    "row_count": 129,
    "model_name": "gemini-2.5-flash",
    "concurrent_llm_worker": 20,
    "spearman_correlation": 0.49491428576692537,
    "kendall_tau": 0.3461547067001505
  },
  "Q2": {
    "query_id": "2",
    "status": "success",
    "execution_time": 94.19541716575623,
    "token_usage": 24981.0,
    "money_cost": 0.0082005,
    "row_count": 5,
    "model_name": "gemini-2.5-flash",
    "concurrent_llm_worker": 20,
    "precision": 1.0,
    "recall": 1.0,
    "f1_score": 1.0
  },
  "Q3": {
    "query_id": "3",
    "status": "success",
    "execution_time": 8.552669525146484,
    "token_usage": 27990.0,
    "money_cost": 0.009188999999999998,
    "row_count": 1,
    "model_name": "gemini-2.5-flash",
    "concurrent_llm_worker": 20,
    "relative_error": 0.5714285714285714,
    "absolute_error": 8.0,
    "mean_absolute_percentage_error": 57.14285714285714
  },
  "Q4": {
    "query_id": "4",
    "status": "success",
    "execution_time": 11.165897130966187,
    "token_usage": 46830.0,
    "money_cost": 0.018801000000000002,
    "row_count": 1,
    "model_name": "gemini-2.5-flash",
    "concurrent_llm_worker": 20,
    "relative_error": 0.3571428656578064,
    "absolute_error": 0.04166666716337204,
    "mean_absolute_percentage_error": 35.71428656578064
  },
  "Q5": {
    "query_id": "5",
    "status": "success",
    "execution_time": 3.287666082382202,
    "token_usage": 35800.0,
    "money_cost": 0.011400000000000006,
    "row_count": 10,
    "model_name": "gemini-2.5-flash",
    "concurrent_llm_worker": 20,
    "precision": 0.5,
    "recall": 0.5,
    "f1_score": 0.5
  },
  "Q6": {
    "query_id": "6",
    "status": "success",
    "execution_time": 3.280169725418091,
    "token_usage": 35700.0,
    "money_cost": 0.01137,
    "row_count": 10,
    "model_name": "gemini-2.5-flash",
    "concurrent_llm_worker": 20,
    "precision": 0.8888888888888888,
    "recall": 0.8,
    "f1_score": 0.8421052631578948
  },
  "Q7": {
    "query_id": "7",
    "status": "success",
    "execution_time": 1549.233089208603,
    "token_usage": 24582144.0,
    "money_cost": 7.807180799999675,
    "row_count": 12324,
    "model_name": "gemini-2.5-flash",
    "concurrent_llm_worker": 20,
    "precision": 0.8103837471783296,
    "recall": 0.43866080156402737,
    "f1_score": 0.5692088156017124
  },
  "Q8": {
    "query_id": "8",
    "status": "success",
    "execution_time": 8.638251066207886,
    "token_usage": 46230.0,
    "money_cost": 0.018621000000000013,
    "row_count": 2,
    "model_name": "gemini-2.5-flash",
    "concurrent_llm_worker": 20,
    "relative_error": 0.16172506738544473,
    "absolute_error": 8.0,
    "mean_absolute_percentage_error": 16.172506738544474
  },
  "Q9": {
    "query_id": "9",
    "status": "success",
    "execution_time": 6.456465005874634,
    "token_usage": 131852.0,
    "money_cost": 0.04969319999999998,
    "row_count": 256,
    "model_name": "gemini-2.5-flash",
    "concurrent_llm_worker": 20,
    "spearman_correlation": 0.7861907000421336,
    "kendall_tau": 0.6957127141505507
  }
}