{
  "Q1": {
    "query_id": "1",
    "status": "success",
    "execution_time": 2.0712077617645264,
    "token_usage": 6680.0,
    "money_cost": 0.0027146,
    "row_count": 1,
    "model_name": "gemini-2.5-flash",
    "concurrent_llm_worker": 20,
    "precision": 1.0,
    "recall": 1.0,
    "f1_score": 1.0
  },
  "Q2a": {
    "query_id": "2a",
    "status": "success",
    "execution_time": 62.865538597106934,
    "token_usage": 1563924.0,
    "money_cost": 0.47775720000000205,
    "row_count": 6,
    "model_name": "gemini-2.5-flash",
    "concurrent_llm_worker": 20,
    "precision": 0.8333333333333334,
    "recall": 1.0,
    "f1_score": 0.9090909090909091
  },
  "Q2b": {
    "query_id": "2b",
    "status": "success",
    "execution_time": 71.37432384490967,
    "token_usage": 1572912.0,
    "money_cost": 0.4806912000000026,
    "row_count": 6,
    "model_name": "gemini-2.5-flash",
    "concurrent_llm_worker": 20,
    "precision": 0.8333333333333334,
    "recall": 1.0,
    "f1_score": 0.9090909090909091
  },
  "Q3a": {
    "query_id": "3a",
    "status": "success",
    "execution_time": 4.110432147979736,
    "token_usage": 33954.0,
    "money_cost": 0.0108462,
    "row_count": 14,
    "model_name": "gemini-2.5-flash",
    "concurrent_llm_worker": 20,
    "precision": 0.8571428571428571,
    "recall": 0.9230769230769231,
    "f1_score": 0.888888888888889
  },
  "Q3f": {
    "query_id": "3f",
    "status": "success",
    "execution_time": 4.197242259979248,
    "token_usage": 33954.0,
    "money_cost": 0.010846199999999995,
    "row_count": 4,
    "model_name": "gemini-2.5-flash",
    "concurrent_llm_worker": 20,
    "precision": 0.75,
    "recall": 1.0,
    "f1_score": 0.8571428571428571
  },
  "Q4": {
    "query_id": "4",
    "status": "success",
    "execution_time": 7.124847412109375,
    "token_usage": 12395.0,
    "money_cost": 0.004778900000000001,
    "row_count": 24,
    "model_name": "gemini-2.5-flash",
    "concurrent_llm_worker": 20,
    "precision": 0.5238095238095238,
    "recall": 0.5641025641025641,
    "f1_score": 0.5432098765432098
  },
  "Q5": {
    "query_id": "5",
    "status": "failed",
    "execution_time": 0.0,
    "error": "'MemoryDataset' object has no attribute 'sem_agg'",
    "row_count": 0,
    "model_name": "gemini-2.5-flash",
    "concurrent_llm_worker": 20,
    "precision": 0.0,
    "recall": 0.0,
    "f1_score": 0.0
  },
  "Q6a": {
    "query_id": "6a",
    "status": "success",
    "execution_time": 4.672413110733032,
    "token_usage": 24482.0,
    "money_cost": 0.008004600000000002,
    "row_count": 1,
    "model_name": "gemini-2.5-flash",
    "concurrent_llm_worker": 20,
    "precision": 1.0,
    "recall": 1.0,
    "f1_score": 1.0
  },
  "Q6b": {
    "query_id": "6b",
    "status": "success",
    "execution_time": 4.003328561782837,
    "token_usage": 24482.0,
    "money_cost": 0.008004600000000002,
    "row_count": 1,
    "model_name": "gemini-2.5-flash",
    "concurrent_llm_worker": 20,
    "precision": 1.0,
    "recall": 1.0,
    "f1_score": 1.0
  },
  "Q6c": {
    "query_id": "6c",
    "status": "success",
    "execution_time": 3.8776779174804688,
    "token_usage": 24482.0,
    "money_cost": 0.008004600000000002,
    "row_count": 5,
    "model_name": "gemini-2.5-flash",
    "concurrent_llm_worker": 20,
    "precision": 1.0,
    "recall": 1.0,
    "f1_score": 1.0
  },
  "Q7": {
    "query_id": "7",
    "status": "success",
    "execution_time": 488.6797332763672,
    "token_usage": 11862500.0,
    "money_cost": 3.6247500000001964,
    "row_count": 17,
    "model_name": "gemini-2.5-flash",
    "concurrent_llm_worker": 20,
    "precision": 0.35714285714285715,
    "recall": 1.0,
    "f1_score": 0.5263157894736842
  }
}