{
  "Q1": {
    "query_id": "1",
    "status": "success",
    "execution_time": 21.469696760177612,
    "token_usage": 372633,
    "money_cost": 0.1183833,
    "row_count": 7,
    "model_name": "gemini-2.5-flash",
    "concurrent_llm_worker": 20,
    "accuracy": 1.0,
    "metric_type": "f1-score",
    "precision": 1.0,
    "recall": 1.0,
    "f1_score": 1.0
  },
  "Q10": {
    "query_id": "10",
    "status": "success",
    "execution_time": 341.0299472808838,
    "token_usage": 2788831,
    "money_cost": 0.8586140999999999,
    "row_count": 8,
    "model_name": "gemini-2.5-flash",
    "concurrent_llm_worker": 20,
    "accuracy": 0.0,
    "metric_type": "f1-score",
    "precision": 0.0,
    "recall": 0.0,
    "f1_score": 0.0
  },
  "Q11": {
    "query_id": "11",
    "status": "success",
    "execution_time": 691.5321407318115,
    "token_usage": 4217540,
    "money_cost": 1.3120163999999999,
    "row_count": 2544,
    "model_name": "gemini-2.5-flash",
    "concurrent_llm_worker": 20,
    "accuracy": 0.5774647887323944,
    "metric_type": "f1-score",
    "precision": 0.5256410256410257,
    "recall": 0.640625,
    "f1_score": 0.5774647887323944
  },
  "Q12": {
    "query_id": "12",
    "status": "success",
    "execution_time": 168.83195877075195,
    "token_usage": 716792,
    "money_cost": 0.2268428,
    "row_count": 106,
    "model_name": "gemini-2.5-flash",
    "concurrent_llm_worker": 20,
    "accuracy": 0.6132075471698113,
    "metric_type": "f1-score",
    "precision": 0.6132075471698113,
    "recall": 0.6132075471698113,
    "f1_score": 0.6132075471698113
  },
  "Q13": {
    "query_id": "13",
    "status": "success",
    "execution_time": 811.0606942176819,
    "token_usage": 2742948,
    "money_cost": 0.8294778,
    "row_count": 9,
    "model_name": "gemini-2.5-flash",
    "concurrent_llm_worker": 20,
    "accuracy": 0.6666666666666666,
    "metric_type": "f1-score",
    "precision": 0.7777777777777778,
    "recall": 0.5833333333333334,
    "f1_score": 0.6666666666666666
  },
  "Q14": {
    "query_id": "14",
    "status": "success",
    "execution_time": 813.4341852664948,
    "token_usage": 2621683,
    "money_cost": 0.7938506999999999,
    "row_count": 3,
    "model_name": "gemini-2.5-flash",
    "concurrent_llm_worker": 20,
    "accuracy": 0.8,
    "metric_type": "f1-score",
    "precision": 1.0,
    "recall": 0.6666666666666666,
    "f1_score": 0.8
  },
  "Q2": {
    "query_id": "2",
    "status": "success",
    "execution_time": 598.35213971138,
    "token_usage": 2342343,
    "money_cost": 0.7092963,
    "row_count": 10,
    "model_name": "gemini-2.5-flash",
    "concurrent_llm_worker": 20,
    "accuracy": 0.5333333333333333,
    "metric_type": "f1-score",
    "precision": 0.4,
    "recall": 0.8,
    "f1_score": 0.5333333333333333
  },
  "Q3": {
    "query_id": "3",
    "status": "success",
    "execution_time": 18.92349648475647,
    "token_usage": 399254,
    "money_cost": 0.14757320000000002,
    "row_count": 999,
    "model_name": "gemini-2.5-flash",
    "concurrent_llm_worker": 20,
    "accuracy": 0.9665187589146653,
    "metric_type": "adjusted-rand-index"
  },
  "Q4": {
    "query_id": "4",
    "status": "success",
    "execution_time": 746.05126786232,
    "token_usage": 1474012,
    "money_cost": 0.455386,
    "row_count": 602,
    "model_name": "gemini-2.5-flash",
    "concurrent_llm_worker": 20,
    "accuracy": 0.4209405386397193,
    "metric_type": "adjusted-rand-index"
  },
  "Q5": {
    "query_id": "5",
    "status": "success",
    "execution_time": 11.536912441253662,
    "token_usage": 270093,
    "money_cost": 0.0830563,
    "row_count": 467,
    "model_name": "gemini-2.5-flash",
    "concurrent_llm_worker": 20,
    "accuracy": 0.9691643641578925,
    "metric_type": "adjusted-rand-index"
  },
  "Q6": {
    "query_id": "6",
    "status": "success",
    "execution_time": 482.6778531074524,
    "token_usage": 1369822,
    "money_cost": 0.4129706,
    "row_count": 467,
    "model_name": "gemini-2.5-flash",
    "concurrent_llm_worker": 20,
    "accuracy": 0.9395672788097909,
    "metric_type": "adjusted-rand-index"
  },
  "Q7": {
    "query_id": "7",
    "status": "success",
    "execution_time": 575.4051065444946,
    "token_usage": 8605925,
    "money_cost": 2.6673684999999994,
    "row_count": 802,
    "model_name": "gemini-2.5-flash",
    "concurrent_llm_worker": 20,
    "accuracy": 0.5622377622377622,
    "metric_type": "f1-score",
    "precision": 0.5012468827930174,
    "recall": 0.6401273885350318,
    "f1_score": 0.5622377622377622
  },
  "Q8": {
    "query_id": "8",
    "status": "success",
    "execution_time": 2034.0033404827118,
    "token_usage": 18857625,
    "money_cost": 5.7100347000000005,
    "row_count": 62,
    "model_name": "gemini-2.5-flash",
    "concurrent_llm_worker": 20,
    "accuracy": 0.1714285714285714,
    "metric_type": "f1-score",
    "precision": 0.0967741935483871,
    "recall": 0.75,
    "f1_score": 0.1714285714285714
  },
  "Q9": {
    "query_id": "9",
    "status": "success",
    "execution_time": 190.80944442749023,
    "token_usage": 1421550,
    "money_cost": 0.43983,
    "row_count": 151,
    "model_name": "gemini-2.5-flash",
    "concurrent_llm_worker": 20,
    "accuracy": 0.6153846153846154,
    "metric_type": "f1-score",
    "precision": 0.4503311258278146,
    "recall": 0.9714285714285714,
    "f1_score": 0.6153846153846154
  }
}