{
  "Q1": {
    "query_id": "1",
    "status": "success",
    "execution_time": 202.632066488266,
    "token_usage": 16259200,
    "money_cost": 5.748552999999999,
    "row_count": 6556,
    "model_name": "gemini-2.5-flash",
    "concurrent_llm_worker": 20,
    "precision": 0.5581147040878585,
    "recall": 0.956101384896786,
    "f1_score": 0.704805932774728
  },
  "Q10": {
    "query_id": "10",
    "status": "success",
    "execution_time": 366.1759510040283,
    "token_usage": 31839054,
    "money_cost": 10.389012,
    "row_count": 78635,
    "model_name": "gemini-2.5-flash",
    "concurrent_llm_worker": 20,
    "precision": 0.5872153110356474,
    "recall": 0.6402519248854979,
    "f1_score": 0.5735709608124928
  },
  "Q2": {
    "query_id": "2",
    "status": "success",
    "execution_time": 22.84181237220764,
    "token_usage": 0,
    "money_cost": 0.0,
    "row_count": 102,
    "model_name": "gemini-2.5-flash",
    "concurrent_llm_worker": 20,
    "precision": 0.0392156862745098,
    "recall": 1.0,
    "f1_score": 0.07547169811320754
  },
  "Q3": {
    "query_id": "3",
    "status": "success",
    "execution_time": 63.20892286300659,
    "token_usage": 0,
    "money_cost": 0.0,
    "row_count": 10,
    "model_name": "gemini-2.5-flash",
    "concurrent_llm_worker": 20,
    "precision": 1.0,
    "recall": 1.0,
    "f1_score": 1.0
  },
  "Q4": {
    "query_id": "4",
    "status": "success",
    "execution_time": 223.4104130268097,
    "token_usage": 15860727,
    "money_cost": 5.630126499999999,
    "row_count": 1,
    "model_name": "gemini-2.5-flash",
    "concurrent_llm_worker": 20,
    "relative_error": 0.005532372983480788,
    "absolute_error": 0.07457901440375103,
    "mean_absolute_percentage_error": 0.5532372983480788
  },
  "Q5": {
    "query_id": "5",
    "status": "success",
    "execution_time": 85.35486698150635,
    "token_usage": 24651516,
    "money_cost": 7.612693,
    "row_count": 1,
    "model_name": "gemini-2.5-flash",
    "concurrent_llm_worker": 20,
    "relative_error": 0.6153846153846154,
    "absolute_error": 8.0,
    "mean_absolute_percentage_error": 61.53846153846154
  },
  "Q6": {
    "query_id": "6",
    "status": "success",
    "execution_time": 56.970555782318115,
    "token_usage": 25170457,
    "money_cost": 7.9191061000000005,
    "row_count": 7522,
    "model_name": "gemini-2.5-flash",
    "concurrent_llm_worker": 20,
    "precision": 0.955995745812284,
    "recall": 0.9657534246575342,
    "f1_score": 0.9608498129342598
  },
  "Q7": {
    "query_id": "7",
    "status": "success",
    "execution_time": 333.3974039554596,
    "token_usage": 39750042,
    "money_cost": 13.0659736,
    "row_count": 54086,
    "model_name": "gemini-2.5-flash",
    "concurrent_llm_worker": 20,
    "precision": 0.28646969640942205,
    "recall": 0.9697083489798473,
    "f1_score": 0.4422813427723225
  },
  "Q8": {
    "query_id": "8",
    "status": "success",
    "execution_time": 52.419225454330444,
    "token_usage": 21897196,
    "money_cost": 6.7338904,
    "row_count": 100,
    "model_name": "gemini-2.5-flash",
    "concurrent_llm_worker": 20,
    "precision": 0.21,
    "recall": 0.21,
    "f1_score": 0.20999999999999996
  },
  "Q9": {
    "query_id": "9",
    "status": "success",
    "execution_time": 18.38344097137451,
    "token_usage": 391415,
    "money_cost": 0.1303505,
    "row_count": 52,
    "model_name": "gemini-2.5-flash",
    "concurrent_llm_worker": 20,
    "precision": 0.019230769230769232,
    "recall": 1.0,
    "f1_score": 0.03773584905660378
  }
}