{
  "Q1": {
    "query_id": "1",
    "status": "success",
    "execution_time": 49.65138387680054,
    "token_usage": 843815,
    "money_cost": 0.2971313,
    "row_count": 10,
    "model_name": "gemini-2.5-flash",
    "concurrent_llm_worker": 20,
    "accuracy": 0.23529411764705882,
    "metric_type": "f1-score",
    "precision": 0.2,
    "recall": 0.2857142857142857,
    "f1_score": 0.23529411764705882
  },
  "Q10": {
    "query_id": "10",
    "status": "success",
    "execution_time": 553.5350353717804,
    "token_usage": 127533011,
    "money_cost": 39.499702299999996,
    "row_count": 956,
    "model_name": "gemini-2.5-flash",
    "concurrent_llm_worker": 20,
    "accuracy": 0.12369337979094076,
    "metric_type": "f1-score",
    "precision": 0.07426778242677824,
    "recall": 0.3697916666666667,
    "f1_score": 0.12369337979094076
  },
  "Q11": {
    "query_id": "11",
    "status": "success",
    "execution_time": 2903.309184551239,
    "token_usage": 666736924,
    "money_cost": 207.3797186,
    "row_count": 4570,
    "model_name": "gemini-2.5-flash",
    "concurrent_llm_worker": 20,
    "accuracy": 0.6542056074766355,
    "metric_type": "f1-score",
    "precision": 0.612691466083151,
    "recall": 0.7017543859649122,
    "f1_score": 0.6542056074766355
  },
  "Q12": {
    "query_id": "12",
    "status": "success",
    "execution_time": 58.370753049850464,
    "token_usage": 2095332,
    "money_cost": 0.6858215999999999,
    "row_count": 411,
    "model_name": "gemini-2.5-flash",
    "concurrent_llm_worker": 20,
    "accuracy": 0.9581280788177339,
    "metric_type": "f1-score",
    "precision": 0.9464720194647201,
    "recall": 0.970074812967581,
    "f1_score": 0.9581280788177339
  },
  "Q13": {
    "query_id": "13",
    "status": "success",
    "execution_time": 69.79778981208801,
    "token_usage": 10151139,
    "money_cost": 3.0893813,
    "row_count": 32,
    "model_name": "gemini-2.5-flash",
    "concurrent_llm_worker": 20,
    "accuracy": 0.45454545454545453,
    "metric_type": "f1-score",
    "precision": 0.3125,
    "recall": 0.8333333333333334,
    "f1_score": 0.45454545454545453
  },
  "Q14": {
    "query_id": "14",
    "status": "success",
    "execution_time": 79.7312638759613,
    "token_usage": 11069072,
    "money_cost": 3.3742124,
    "row_count": 4,
    "model_name": "gemini-2.5-flash",
    "concurrent_llm_worker": 20,
    "accuracy": 0.5714285714285715,
    "metric_type": "f1-score",
    "precision": 0.6666666666666666,
    "recall": 0.5,
    "f1_score": 0.5714285714285715
  },
  "Q2": {
    "query_id": "2",
    "status": "success",
    "execution_time": 92.55906748771667,
    "token_usage": 8986586,
    "money_cost": 2.7398966,
    "row_count": 20,
    "model_name": "gemini-2.5-flash",
    "concurrent_llm_worker": 20,
    "accuracy": 0.32000000000000006,
    "metric_type": "f1-score",
    "precision": 0.2,
    "recall": 0.8,
    "f1_score": 0.32000000000000006
  },
  "Q3": {
    "query_id": "3",
    "status": "success",
    "execution_time": 44.09992074966431,
    "token_usage": 865291,
    "money_cost": 0.2806677,
    "row_count": 3992,
    "model_name": "gemini-2.5-flash",
    "concurrent_llm_worker": 20,
    "accuracy": 0.9667146698005297,
    "metric_type": "adjusted-rand-index"
  },
  "Q4": {
    "query_id": "4",
    "status": "success",
    "execution_time": 50.56419062614441,
    "token_usage": 5341238,
    "money_cost": 1.6077482,
    "row_count": 2322,
    "model_name": "gemini-2.5-flash",
    "concurrent_llm_worker": 20,
    "accuracy": 0.6940512459441732,
    "metric_type": "adjusted-rand-index"
  },
  "Q5": {
    "query_id": "5",
    "status": "success",
    "execution_time": 29.154935598373413,
    "token_usage": 838611,
    "money_cost": 0.2596265,
    "row_count": 1856,
    "model_name": "gemini-2.5-flash",
    "concurrent_llm_worker": 20,
    "accuracy": 0.9720679847547096,
    "metric_type": "adjusted-rand-index"
  },
  "Q6": {
    "query_id": "6",
    "status": "success",
    "execution_time": 45.73028612136841,
    "token_usage": 5365117,
    "money_cost": 1.6175188999999999,
    "row_count": 1856,
    "model_name": "gemini-2.5-flash",
    "concurrent_llm_worker": 20,
    "accuracy": 0.8764168953759631,
    "metric_type": "adjusted-rand-index"
  },
  "Q7": {
    "query_id": "7",
    "status": "success",
    "execution_time": 2516.195345878601,
    "token_usage": 205566901,
    "money_cost": 67.9776771,
    "row_count": 7522,
    "model_name": "gemini-2.5-flash",
    "concurrent_llm_worker": 20,
    "accuracy": 0.7835779007296929,
    "metric_type": "f1-score",
    "precision": 0.649561286891784,
    "recall": 0.9872701555869873,
    "f1_score": 0.7835779007296929
  },
  "Q8": {
    "query_id": "8",
    "status": "success",
    "execution_time": 1204.428052186966,
    "token_usage": 420236182,
    "money_cost": 127.346925,
    "row_count": 912,
    "model_name": "gemini-2.5-flash",
    "concurrent_llm_worker": 20,
    "accuracy": 0.08477237048665619,
    "metric_type": "f1-score",
    "precision": 0.044407894736842105,
    "recall": 0.9310344827586207,
    "f1_score": 0.08477237048665619
  },
  "Q9": {
    "query_id": "9",
    "status": "success",
    "execution_time": 100.5399842262268,
    "token_usage": 15744104,
    "money_cost": 5.00506,
    "row_count": 1441,
    "model_name": "gemini-2.5-flash",
    "concurrent_llm_worker": 20,
    "accuracy": 0.49261553120533585,
    "metric_type": "f1-score",
    "precision": 0.36280701754385963,
    "recall": 0.7670623145400594,
    "f1_score": 0.49261553120533585
  }
}