{
  "Q1": {
    "query_id": "1",
    "status": "success",
    "execution_time": 1.9241220951080322,
    "token_usage": 6680.0,
    "money_cost": 0.0027146,
    "row_count": 1,
    "model_name": "gemini-2.5-flash",
    "concurrent_llm_worker": 20,
    "precision": 1.0,
    "recall": 1.0,
    "f1_score": 1.0
  },
  "Q2a": {
    "query_id": "2a",
    "status": "success",
    "execution_time": 127.93094849586487,
    "token_usage": 3097662.0,
    "money_cost": 0.9464586000000048,
    "row_count": 6,
    "model_name": "gemini-2.5-flash",
    "concurrent_llm_worker": 20,
    "precision": 0.8333333333333334,
    "recall": 1.0,
    "f1_score": 0.9090909090909091
  },
  "Q2b": {
    "query_id": "2b",
    "status": "success",
    "execution_time": 120.79560923576355,
    "token_usage": 3106650.0,
    "money_cost": 0.949392600000011,
    "row_count": 6,
    "model_name": "gemini-2.5-flash",
    "concurrent_llm_worker": 20,
    "precision": 0.8333333333333334,
    "recall": 1.0,
    "f1_score": 0.9090909090909091
  },
  "Q3a": {
    "query_id": "3a",
    "status": "success",
    "execution_time": 3.9449596405029297,
    "token_usage": 66886.0,
    "money_cost": 0.02138580000000001,
    "row_count": 17,
    "model_name": "gemini-2.5-flash",
    "concurrent_llm_worker": 20,
    "precision": 0.7058823529411765,
    "recall": 0.9230769230769231,
    "f1_score": 0.8000000000000002
  },
  "Q3f": {
    "query_id": "3f",
    "status": "success",
    "execution_time": 3.7986152172088623,
    "token_usage": 66886.0,
    "money_cost": 0.0213858,
    "row_count": 4,
    "model_name": "gemini-2.5-flash",
    "concurrent_llm_worker": 20,
    "precision": 0.75,
    "recall": 1.0,
    "f1_score": 0.8571428571428571
  },
  "Q4": {
    "query_id": "4",
    "status": "success",
    "execution_time": 1.2142105102539062,
    "token_usage": 12395.0,
    "money_cost": 0.004778900000000003,
    "row_count": 24,
    "model_name": "gemini-2.5-flash",
    "concurrent_llm_worker": 20,
    "precision": 0.5238095238095238,
    "recall": 0.5641025641025641,
    "f1_score": 0.5432098765432098
  },
  "Q5": {
    "query_id": "5",
    "status": "success",
    "execution_time": 1.3006541728973389,
    "token_usage": 4026.0,
    "money_cost": 0.001254,
    "row_count": 1,
    "model_name": "gemini-2.5-flash",
    "concurrent_llm_worker": 20,
    "precision": 1.0,
    "recall": 1.0,
    "f1_score": 1.0
  },
  "Q6a": {
    "query_id": "6a",
    "status": "success",
    "execution_time": 4.06378173828125,
    "token_usage": 48525.0,
    "money_cost": 0.015877500000000003,
    "row_count": 1,
    "model_name": "gemini-2.5-flash",
    "concurrent_llm_worker": 20,
    "precision": 1.0,
    "recall": 1.0,
    "f1_score": 1.0
  },
  "Q6b": {
    "query_id": "6b",
    "status": "success",
    "execution_time": 3.8350670337677,
    "token_usage": 48525.0,
    "money_cost": 0.015877500000000003,
    "row_count": 1,
    "model_name": "gemini-2.5-flash",
    "concurrent_llm_worker": 20,
    "precision": 1.0,
    "recall": 1.0,
    "f1_score": 1.0
  },
  "Q6c": {
    "query_id": "6c",
    "status": "success",
    "execution_time": 4.036054849624634,
    "token_usage": 48525.0,
    "money_cost": 0.015877499999999996,
    "row_count": 5,
    "model_name": "gemini-2.5-flash",
    "concurrent_llm_worker": 20,
    "precision": 1.0,
    "recall": 1.0,
    "f1_score": 1.0
  },
  "Q7": {
    "query_id": "7",
    "status": "success",
    "execution_time": 1846.9970262050629,
    "token_usage": 46987200.0,
    "money_cost": 14.360159999993835,
    "row_count": 33,
    "model_name": "gemini-2.5-flash",
    "concurrent_llm_worker": 20,
    "precision": 0.20833333333333334,
    "recall": 1.0,
    "f1_score": 0.3448275862068966
  }
}