{
  "Q1": {
    "query_id": "1",
    "status": "success",
    "execution_time": 50.82571983337402,
    "token_usage": 2033491,
    "money_cost": 0.7188593,
    "row_count": 770,
    "model_name": "gemini-2.5-flash",
    "concurrent_llm_worker": 20,
    "precision": 0.5675324675324676,
    "recall": 0.9646799116997793,
    "f1_score": 0.7146361406377759
  },
  "Q10": {
    "query_id": "10",
    "status": "success",
    "execution_time": 53.90474557876587,
    "token_usage": 4135441,
    "money_cost": 1.3491099,
    "row_count": 9828,
    "model_name": "gemini-2.5-flash",
    "concurrent_llm_worker": 20,
    "precision": 0.580795242672414,
    "recall": 0.6287114711846234,
    "f1_score": 0.5699429239868662
  },
  "Q2": {
    "query_id": "2",
    "status": "success",
    "execution_time": 13.55785584449768,
    "token_usage": 7560,
    "money_cost": 0.006408,
    "row_count": 15,
    "model_name": "gemini-2.5-flash",
    "concurrent_llm_worker": 20,
    "precision": 0.0,
    "recall": 0.0,
    "f1_score": 0.0
  },
  "Q3": {
    "query_id": "3",
    "status": "success",
    "execution_time": 28.73749327659607,
    "token_usage": 2662292,
    "money_cost": 0.8186943999999999,
    "row_count": 10,
    "model_name": "gemini-2.5-flash",
    "concurrent_llm_worker": 20,
    "precision": 1.0,
    "recall": 1.0,
    "f1_score": 1.0
  },
  "Q4": {
    "query_id": "4",
    "status": "success",
    "execution_time": 53.49937844276428,
    "token_usage": 1984407,
    "money_cost": 0.7042573000000001,
    "row_count": 1,
    "model_name": "gemini-2.5-flash",
    "concurrent_llm_worker": 20,
    "relative_error": 0.027405257988089335,
    "absolute_error": 0.37634290506821344,
    "mean_absolute_percentage_error": 2.7405257988089335
  },
  "Q5": {
    "query_id": "5",
    "status": "success",
    "execution_time": 40.801926612854004,
    "token_usage": 3068013,
    "money_cost": 0.9476152999999999,
    "row_count": 1,
    "model_name": "gemini-2.5-flash",
    "concurrent_llm_worker": 20,
    "relative_error": 0.0,
    "absolute_error": 0.0,
    "mean_absolute_percentage_error": 0.0
  },
  "Q6": {
    "query_id": "6",
    "status": "success",
    "execution_time": 36.91393065452576,
    "token_usage": 3156599,
    "money_cost": 0.9933002999999999,
    "row_count": 959,
    "model_name": "gemini-2.5-flash",
    "concurrent_llm_worker": 20,
    "precision": 0.9551616266944735,
    "recall": 0.9642105263157895,
    "f1_score": 0.959664745940283
  },
  "Q7": {
    "query_id": "7",
    "status": "success",
    "execution_time": 62.58125400543213,
    "token_usage": 4815911,
    "money_cost": 1.5788167,
    "row_count": 6762,
    "model_name": "gemini-2.5-flash",
    "concurrent_llm_worker": 20,
    "precision": 0.28926353149955636,
    "recall": 0.9736187157789945,
    "f1_score": 0.44601527761942766
  },
  "Q8": {
    "query_id": "8",
    "status": "success",
    "execution_time": 28.358819007873535,
    "token_usage": 2641314,
    "money_cost": 0.8121479999999999,
    "row_count": 100,
    "model_name": "gemini-2.5-flash",
    "concurrent_llm_worker": 20,
    "precision": 0.19,
    "recall": 0.25,
    "f1_score": 0.2159090909090909
  },
  "Q9": {
    "query_id": "9",
    "status": "success",
    "execution_time": 9.963148832321167,
    "token_usage": 0,
    "money_cost": 0.0,
    "row_count": 7,
    "model_name": "gemini-2.5-flash",
    "concurrent_llm_worker": 20,
    "precision": 0.0,
    "recall": 0.0,
    "f1_score": 0.0
  }
}