{
  "Q1": {
    "query_id": "1",
    "status": "success",
    "execution_time": 14.346158742904663,
    "token_usage": 59103,
    "money_cost": 0.0204809,
    "row_count": 3,
    "model_name": "gemini-2.5-flash",
    "concurrent_llm_worker": 20,
    "accuracy": 0.6,
    "metric_type": "f1-score",
    "precision": 1.0,
    "recall": 0.42857142857142855,
    "f1_score": 0.6
  },
  "Q10": {
    "query_id": "10",
    "status": "success",
    "execution_time": 43.00023579597473,
    "token_usage": 1923399,
    "money_cost": 0.5863147,
    "row_count": 0,
    "model_name": "gemini-2.5-flash",
    "concurrent_llm_worker": 20,
    "accuracy": 0.0,
    "metric_type": "f1-score",
    "precision": 0.0,
    "recall": 0.0,
    "f1_score": 0.0
  },
  "Q11": {
    "query_id": "11",
    "status": "success",
    "execution_time": 108.23916530609131,
    "token_usage": 2520855,
    "money_cost": 0.7687833,
    "row_count": 54,
    "model_name": "gemini-2.5-flash",
    "concurrent_llm_worker": 20,
    "accuracy": 0.5079365079365079,
    "metric_type": "f1-score",
    "precision": 0.5925925925925926,
    "recall": 0.4444444444444444,
    "f1_score": 0.5079365079365079
  },
  "Q12": {
    "query_id": "12",
    "status": "success",
    "execution_time": 19.728115797042847,
    "token_usage": 200222,
    "money_cost": 0.06437419999999999,
    "row_count": 43,
    "model_name": "gemini-2.5-flash",
    "concurrent_llm_worker": 20,
    "accuracy": 0.9397590361445783,
    "metric_type": "f1-score",
    "precision": 0.9069767441860465,
    "recall": 0.975,
    "f1_score": 0.9397590361445783
  },
  "Q13": {
    "query_id": "13",
    "status": "success",
    "execution_time": 15.603025436401367,
    "token_usage": 682305,
    "money_cost": 0.20745029999999998,
    "row_count": 10,
    "model_name": "gemini-2.5-flash",
    "concurrent_llm_worker": 20,
    "accuracy": 0.7272727272727272,
    "metric_type": "f1-score",
    "precision": 0.8,
    "recall": 0.6666666666666666,
    "f1_score": 0.7272727272727272
  },
  "Q14": {
    "query_id": "14",
    "status": "success",
    "execution_time": 23.369479179382324,
    "token_usage": 679914,
    "money_cost": 0.2074128,
    "row_count": 2,
    "model_name": "gemini-2.5-flash",
    "concurrent_llm_worker": 20,
    "accuracy": 1.0,
    "metric_type": "f1-score",
    "precision": 1.0,
    "recall": 1.0,
    "f1_score": 1.0
  },
  "Q2": {
    "query_id": "2",
    "status": "success",
    "execution_time": 15.023507118225098,
    "token_usage": 602198,
    "money_cost": 0.18340939999999997,
    "row_count": 5,
    "model_name": "gemini-2.5-flash",
    "concurrent_llm_worker": 20,
    "accuracy": 0.8000000000000002,
    "metric_type": "f1-score",
    "precision": 0.8,
    "recall": 0.8,
    "f1_score": 0.8000000000000002
  },
  "Q3": {
    "query_id": "3",
    "status": "success",
    "execution_time": 13.765684604644775,
    "token_usage": 60464,
    "money_cost": 0.0194834,
    "row_count": 250,
    "model_name": "gemini-2.5-flash",
    "concurrent_llm_worker": 20,
    "accuracy": 0.9560784541228576,
    "metric_type": "adjusted-rand-index"
  },
  "Q4": {
    "query_id": "4",
    "status": "success",
    "execution_time": 15.173457622528076,
    "token_usage": 396810,
    "money_cost": 0.1194258,
    "row_count": 164,
    "model_name": "gemini-2.5-flash",
    "concurrent_llm_worker": 20,
    "accuracy": 0.6848546909792042,
    "metric_type": "adjusted-rand-index"
  },
  "Q5": {
    "query_id": "5",
    "status": "success",
    "execution_time": 20.4067702293396,
    "token_usage": 53823,
    "money_cost": 0.017260099999999997,
    "row_count": 122,
    "model_name": "gemini-2.5-flash",
    "concurrent_llm_worker": 20,
    "accuracy": 0.929739213766921,
    "metric_type": "adjusted-rand-index"
  },
  "Q6": {
    "query_id": "6",
    "status": "success",
    "execution_time": 11.955280780792236,
    "token_usage": 355520,
    "money_cost": 0.1077252,
    "row_count": 122,
    "model_name": "gemini-2.5-flash",
    "concurrent_llm_worker": 20,
    "accuracy": 0.8170046580632493,
    "metric_type": "adjusted-rand-index"
  },
  "Q7": {
    "query_id": "7",
    "status": "success",
    "execution_time": 27.59091067314148,
    "token_usage": 669487,
    "money_cost": 0.2195131,
    "row_count": 98,
    "model_name": "gemini-2.5-flash",
    "concurrent_llm_worker": 20,
    "accuracy": 0.9738219895287958,
    "metric_type": "f1-score",
    "precision": 0.9489795918367347,
    "recall": 1.0,
    "f1_score": 0.9738219895287958
  },
  "Q8": {
    "query_id": "8",
    "status": "success",
    "execution_time": 41.50190782546997,
    "token_usage": 3500546,
    "money_cost": 1.0611726,
    "row_count": 4,
    "model_name": "gemini-2.5-flash",
    "concurrent_llm_worker": 20,
    "accuracy": 1.0,
    "metric_type": "f1-score",
    "precision": 1.0,
    "recall": 1.0,
    "f1_score": 1.0
  },
  "Q9": {
    "query_id": "9",
    "status": "success",
    "execution_time": 20.46518087387085,
    "token_usage": 198030,
    "money_cost": 0.062951,
    "row_count": 44,
    "model_name": "gemini-2.5-flash",
    "concurrent_llm_worker": 20,
    "accuracy": 0.37735849056603776,
    "metric_type": "f1-score",
    "precision": 0.24390243902439024,
    "recall": 0.8333333333333334,
    "f1_score": 0.37735849056603776
  }
}