{
  "Q1": {
    "query_id": "1",
    "status": "success",
    "execution_time": 34.39960193634033,
    "token_usage": 192043,
    "money_cost": 0.0968059,
    "row_count": 5,
    "model_name": "gemini-2.5-flash",
    "concurrent_llm_worker": 20,
    "precision": 1.0,
    "recall": 1.0,
    "f1_score": 1.0
  },
  "Q10": {
    "query_id": "10",
    "status": "success",
    "execution_time": 38.660563468933105,
    "token_usage": 1101742,
    "money_cost": 0.3779414,
    "row_count": 129,
    "model_name": "gemini-2.5-flash",
    "concurrent_llm_worker": 20,
    "spearman_correlation": 0.5465606843039263,
    "kendall_tau": 0.39118195828445385
  },
  "Q2": {
    "query_id": "2",
    "status": "success",
    "execution_time": 9.597599744796753,
    "token_usage": 5485,
    "money_cost": 0.0028445000000000002,
    "row_count": 5,
    "model_name": "gemini-2.5-flash",
    "concurrent_llm_worker": 20,
    "precision": 1.0,
    "recall": 1.0,
    "f1_score": 1.0
  },
  "Q3": {
    "query_id": "3",
    "status": "success",
    "execution_time": 11.142337083816528,
    "token_usage": 6032,
    "money_cost": 0.0031295999999999997,
    "row_count": 1,
    "model_name": "gemini-2.5-flash",
    "concurrent_llm_worker": 20,
    "relative_error": 0.5714285714285714,
    "absolute_error": 8.0,
    "mean_absolute_percentage_error": 57.14285714285714
  },
  "Q4": {
    "query_id": "4",
    "status": "success",
    "execution_time": 11.22256875038147,
    "token_usage": 6032,
    "money_cost": 0.0031295999999999997,
    "row_count": 1,
    "model_name": "gemini-2.5-flash",
    "concurrent_llm_worker": 20,
    "relative_error": 0.5714285969734192,
    "absolute_error": 0.06666666716337204,
    "mean_absolute_percentage_error": 57.14285969734192
  },
  "Q5": {
    "query_id": "5",
    "status": "success",
    "execution_time": 55.1848521232605,
    "token_usage": 2569374,
    "money_cost": 0.9894107999999999,
    "row_count": 10,
    "model_name": "gemini-2.5-flash",
    "concurrent_llm_worker": 20,
    "precision": 0.8,
    "recall": 0.8,
    "f1_score": 0.8000000000000002
  },
  "Q6": {
    "query_id": "6",
    "status": "success",
    "execution_time": 54.9233238697052,
    "token_usage": 2564368,
    "money_cost": 0.9916908,
    "row_count": 10,
    "model_name": "gemini-2.5-flash",
    "concurrent_llm_worker": 20,
    "precision": 0.6666666666666666,
    "recall": 0.6,
    "f1_score": 0.631578947368421
  },
  "Q7": {
    "query_id": "7",
    "status": "success",
    "execution_time": 164.62395405769348,
    "token_usage": 8515104,
    "money_cost": 3.2765184,
    "row_count": 36236,
    "model_name": "gemini-2.5-flash",
    "concurrent_llm_worker": 20,
    "precision": 0.6062647356012125,
    "recall": 0.8797653958944281,
    "f1_score": 0.7178464606181456
  },
  "Q8": {
    "query_id": "8",
    "status": "success",
    "execution_time": 11.746703147888184,
    "token_usage": 6032,
    "money_cost": 0.0031295999999999997,
    "row_count": 2,
    "model_name": "gemini-2.5-flash",
    "concurrent_llm_worker": 20,
    "relative_error": 0.32345013477088946,
    "absolute_error": 16.0,
    "mean_absolute_percentage_error": 32.34501347708895
  },
  "Q9": {
    "query_id": "9",
    "status": "success",
    "execution_time": 16.625723123550415,
    "token_usage": 87465,
    "money_cost": 0.0297749,
    "row_count": 256,
    "model_name": "gemini-2.5-flash",
    "concurrent_llm_worker": 20,
    "spearman_correlation": 0.7860820147981878,
    "kendall_tau": 0.6870601999797017
  }
}