{
  "Q1": {
    "query_id": "1",
    "status": "success",
    "execution_time": 18.65949535369873,
    "token_usage": 103373,
    "money_cost": 0.0365185,
    "row_count": 4,
    "model_name": "gemini-2.5-flash",
    "concurrent_llm_worker": 20,
    "accuracy": 0.36363636363636365,
    "metric_type": "f1-score",
    "precision": 0.5,
    "recall": 0.2857142857142857,
    "f1_score": 0.36363636363636365
  },
  "Q10": {
    "query_id": "10",
    "status": "success",
    "execution_time": 59.07652306556702,
    "token_usage": 4734203,
    "money_cost": 1.4513513,
    "row_count": 34,
    "model_name": "gemini-2.5-flash",
    "concurrent_llm_worker": 20,
    "accuracy": 0.09523809523809523,
    "metric_type": "f1-score",
    "precision": 0.058823529411764705,
    "recall": 0.25,
    "f1_score": 0.09523809523809523
  },
  "Q11": {
    "query_id": "11",
    "status": "success",
    "execution_time": 81.82769870758057,
    "token_usage": 6490126,
    "money_cost": 1.9912159999999999,
    "row_count": 54,
    "model_name": "gemini-2.5-flash",
    "concurrent_llm_worker": 20,
    "accuracy": 0.5,
    "metric_type": "f1-score",
    "precision": 0.3333333333333333,
    "recall": 1.0,
    "f1_score": 0.5
  },
  "Q12": {
    "query_id": "12",
    "status": "success",
    "execution_time": 24.984381675720215,
    "token_usage": 304316,
    "money_cost": 0.09897279999999999,
    "row_count": 63,
    "model_name": "gemini-2.5-flash",
    "concurrent_llm_worker": 20,
    "accuracy": 0.9090909090909091,
    "metric_type": "f1-score",
    "precision": 0.873015873015873,
    "recall": 0.9482758620689655,
    "f1_score": 0.9090909090909091
  },
  "Q13": {
    "query_id": "13",
    "status": "success",
    "execution_time": 22.999495267868042,
    "token_usage": 1258074,
    "money_cost": 0.38294639999999996,
    "row_count": 12,
    "model_name": "gemini-2.5-flash",
    "concurrent_llm_worker": 20,
    "accuracy": 0.8333333333333334,
    "metric_type": "f1-score",
    "precision": 0.8333333333333334,
    "recall": 0.8333333333333334,
    "f1_score": 0.8333333333333334
  },
  "Q14": {
    "query_id": "14",
    "status": "success",
    "execution_time": 30.573463916778564,
    "token_usage": 1218412,
    "money_cost": 0.3721522,
    "row_count": 2,
    "model_name": "gemini-2.5-flash",
    "concurrent_llm_worker": 20,
    "accuracy": 1.0,
    "metric_type": "f1-score",
    "precision": 1.0,
    "recall": 1.0,
    "f1_score": 1.0
  },
  "Q2": {
    "query_id": "2",
    "status": "success",
    "execution_time": 25.443978548049927,
    "token_usage": 1114096,
    "money_cost": 0.33972879999999994,
    "row_count": 8,
    "model_name": "gemini-2.5-flash",
    "concurrent_llm_worker": 20,
    "accuracy": 0.6153846153846154,
    "metric_type": "f1-score",
    "precision": 0.5,
    "recall": 0.8,
    "f1_score": 0.6153846153846154
  },
  "Q3": {
    "query_id": "3",
    "status": "success",
    "execution_time": 18.19641423225403,
    "token_usage": 106058,
    "money_cost": 0.034448599999999996,
    "row_count": 500,
    "model_name": "gemini-2.5-flash",
    "concurrent_llm_worker": 20,
    "accuracy": 0.9411936006508669,
    "metric_type": "adjusted-rand-index"
  },
  "Q4": {
    "query_id": "4",
    "status": "success",
    "execution_time": 19.132479906082153,
    "token_usage": 679346,
    "money_cost": 0.20448139999999998,
    "row_count": 294,
    "model_name": "gemini-2.5-flash",
    "concurrent_llm_worker": 20,
    "accuracy": 0.715847349507328,
    "metric_type": "adjusted-rand-index"
  },
  "Q5": {
    "query_id": "5",
    "status": "success",
    "execution_time": 13.771591424942017,
    "token_usage": 102080,
    "money_cost": 0.0316228,
    "row_count": 228,
    "model_name": "gemini-2.5-flash",
    "concurrent_llm_worker": 20,
    "accuracy": 0.9834218113056721,
    "metric_type": "adjusted-rand-index"
  },
  "Q6": {
    "query_id": "6",
    "status": "success",
    "execution_time": 15.15216326713562,
    "token_usage": 628173,
    "money_cost": 0.1894485,
    "row_count": 228,
    "model_name": "gemini-2.5-flash",
    "concurrent_llm_worker": 20,
    "accuracy": 0.9528188468832461,
    "metric_type": "adjusted-rand-index"
  },
  "Q7": {
    "query_id": "7",
    "status": "success",
    "execution_time": 45.13992404937744,
    "token_usage": 2889345,
    "money_cost": 0.9554128999999999,
    "row_count": 235,
    "model_name": "gemini-2.5-flash",
    "concurrent_llm_worker": 20,
    "accuracy": 0.8382352941176472,
    "metric_type": "f1-score",
    "precision": 0.7276595744680852,
    "recall": 0.9884393063583815,
    "f1_score": 0.8382352941176472
  },
  "Q8": {
    "query_id": "8",
    "status": "success",
    "execution_time": 21.48202896118164,
    "token_usage": 1565596,
    "money_cost": 0.47517879999999996,
    "row_count": 1,
    "model_name": "gemini-2.5-flash",
    "concurrent_llm_worker": 20,
    "accuracy": 1.0,
    "metric_type": "f1-score",
    "precision": 1.0,
    "recall": 1.0,
    "f1_score": 1.0
  },
  "Q9": {
    "query_id": "9",
    "status": "success",
    "execution_time": 29.72602677345276,
    "token_usage": 481549,
    "money_cost": 0.15308650000000001,
    "row_count": 93,
    "model_name": "gemini-2.5-flash",
    "concurrent_llm_worker": 20,
    "accuracy": 0.6865671641791045,
    "metric_type": "f1-score",
    "precision": 0.5227272727272727,
    "recall": 1.0,
    "f1_score": 0.6865671641791045
  }
}