{
  "Q1": {
    "query_id": "1",
    "status": "success",
    "execution_time": 13.879672527313232,
    "token_usage": 183159,
    "money_cost": 0.0582477,
    "row_count": 7,
    "model_name": "gemini-2.5-flash",
    "concurrent_llm_worker": 20,
    "accuracy": 1.0,
    "metric_type": "f1-score",
    "precision": 1.0,
    "recall": 1.0,
    "f1_score": 1.0
  },
  "Q10": {
    "query_id": "10",
    "status": "success",
    "execution_time": 143.522887468338,
    "token_usage": 1135546,
    "money_cost": 0.3472638,
    "row_count": 6,
    "model_name": "gemini-2.5-flash",
    "concurrent_llm_worker": 20,
    "accuracy": 0.0,
    "metric_type": "f1-score",
    "precision": 0.0,
    "recall": 0.0,
    "f1_score": 0.0
  },
  "Q11": {
    "query_id": "11",
    "status": "success",
    "execution_time": 179.74262118339539,
    "token_usage": 1354553,
    "money_cost": 0.4227933,
    "row_count": 192,
    "model_name": "gemini-2.5-flash",
    "concurrent_llm_worker": 20,
    "accuracy": 0.761904761904762,
    "metric_type": "f1-score",
    "precision": 0.6666666666666666,
    "recall": 0.8888888888888888,
    "f1_score": 0.761904761904762
  },
  "Q12": {
    "query_id": "12",
    "status": "success",
    "execution_time": 46.515400886535645,
    "token_usage": 391595,
    "money_cost": 0.12396189999999999,
    "row_count": 63,
    "model_name": "gemini-2.5-flash",
    "concurrent_llm_worker": 20,
    "accuracy": 0.6115702479338844,
    "metric_type": "f1-score",
    "precision": 0.5873015873015873,
    "recall": 0.6379310344827587,
    "f1_score": 0.6115702479338844
  },
  "Q13": {
    "query_id": "13",
    "status": "success",
    "execution_time": 211.23561215400696,
    "token_usage": 1344255,
    "money_cost": 0.40657649999999995,
    "row_count": 6,
    "model_name": "gemini-2.5-flash",
    "concurrent_llm_worker": 20,
    "accuracy": 0.6666666666666666,
    "metric_type": "f1-score",
    "precision": 1.0,
    "recall": 0.5,
    "f1_score": 0.6666666666666666
  },
  "Q14": {
    "query_id": "14",
    "status": "success",
    "execution_time": 215.02318954467773,
    "token_usage": 1233149,
    "money_cost": 0.37345589999999995,
    "row_count": 2,
    "model_name": "gemini-2.5-flash",
    "concurrent_llm_worker": 20,
    "accuracy": 1.0,
    "metric_type": "f1-score",
    "precision": 1.0,
    "recall": 1.0,
    "f1_score": 1.0
  },
  "Q2": {
    "query_id": "2",
    "status": "success",
    "execution_time": 211.88599038124084,
    "token_usage": 1147096,
    "money_cost": 0.3474288,
    "row_count": 7,
    "model_name": "gemini-2.5-flash",
    "concurrent_llm_worker": 20,
    "accuracy": 0.6666666666666666,
    "metric_type": "f1-score",
    "precision": 0.5714285714285714,
    "recall": 0.8,
    "f1_score": 0.6666666666666666
  },
  "Q3": {
    "query_id": "3",
    "status": "success",
    "execution_time": 13.833467721939087,
    "token_usage": 196522,
    "money_cost": 0.0729552,
    "row_count": 500,
    "model_name": "gemini-2.5-flash",
    "concurrent_llm_worker": 20,
    "accuracy": 0.9450649893029947,
    "metric_type": "adjusted-rand-index"
  },
  "Q4": {
    "query_id": "4",
    "status": "success",
    "execution_time": 130.06450843811035,
    "token_usage": 707259,
    "money_cost": 0.2179923,
    "row_count": 294,
    "model_name": "gemini-2.5-flash",
    "concurrent_llm_worker": 20,
    "accuracy": 0.4626257602023288,
    "metric_type": "adjusted-rand-index"
  },
  "Q5": {
    "query_id": "5",
    "status": "success",
    "execution_time": 6.589507818222046,
    "token_usage": 130698,
    "money_cost": 0.04020819999999999,
    "row_count": 228,
    "model_name": "gemini-2.5-flash",
    "concurrent_llm_worker": 20,
    "accuracy": 0.9675884686989886,
    "metric_type": "adjusted-rand-index"
  },
  "Q6": {
    "query_id": "6",
    "status": "success",
    "execution_time": 128.75575613975525,
    "token_usage": 639118,
    "money_cost": 0.1927342,
    "row_count": 228,
    "model_name": "gemini-2.5-flash",
    "concurrent_llm_worker": 20,
    "accuracy": 0.9834218113056721,
    "metric_type": "adjusted-rand-index"
  },
  "Q7": {
    "query_id": "7",
    "status": "success",
    "execution_time": 179.46812200546265,
    "token_usage": 1998621,
    "money_cost": 0.6206183,
    "row_count": 205,
    "model_name": "gemini-2.5-flash",
    "concurrent_llm_worker": 20,
    "accuracy": 0.6719576719576721,
    "metric_type": "f1-score",
    "precision": 0.6195121951219512,
    "recall": 0.7341040462427746,
    "f1_score": 0.6719576719576721
  },
  "Q8": {
    "query_id": "8",
    "status": "success",
    "execution_time": 204.11181211471558,
    "token_usage": 1155596,
    "money_cost": 0.3499788,
    "row_count": 10,
    "model_name": "gemini-2.5-flash",
    "concurrent_llm_worker": 20,
    "accuracy": 0.18181818181818182,
    "metric_type": "f1-score",
    "precision": 0.1,
    "recall": 1.0,
    "f1_score": 0.18181818181818182
  },
  "Q9": {
    "query_id": "9",
    "status": "failed",
    "execution_time": 0.0,
    "error": "Sequence length must be less than max_position_embeddings (got `sequence length`: 85 and max_position_embeddings: 77",
    "row_count": 0,
    "model_name": "gemini-2.5-flash",
    "concurrent_llm_worker": 20,
    "accuracy": 0.0,
    "metric_type": "f1-score",
    "precision": 0.0,
    "recall": 0.0,
    "f1_score": 0.0
  }
}