{
  "Q1": {
    "query_id": "1",
    "status": "success",
    "execution_time": 2.699117422103882,
    "token_usage": 5896.0,
    "money_cost": 0.0019337999999999998,
    "row_count": 5,
    "model_name": "gemini-2.5-flash",
    "concurrent_llm_worker": 20,
    "precision": 1.0,
    "recall": 1.0,
    "f1_score": 1.0
  },
  "Q10": {
    "query_id": "10",
    "status": "success",
    "execution_time": 468.2372236251831,
    "token_usage": 7978121.0,
    "money_cost": 3.0269967000000397,
    "row_count": 172,
    "model_name": "gemini-2.5-flash",
    "concurrent_llm_worker": 20,
    "spearman_correlation": 0.4322895387388498,
    "kendall_tau": 0.2983492222329987
  },
  "Q2": {
    "query_id": "2",
    "status": "success",
    "execution_time": 170.9085032939911,
    "token_usage": 19152.0,
    "money_cost": 0.006286800000000002,
    "row_count": 5,
    "model_name": "gemini-2.5-flash",
    "concurrent_llm_worker": 20,
    "precision": 1.0,
    "recall": 1.0,
    "f1_score": 1.0
  },
  "Q3": {
    "query_id": "3",
    "status": "success",
    "execution_time": 25.611825227737427,
    "token_usage": 27990.0,
    "money_cost": 0.009188999999999998,
    "row_count": 1,
    "model_name": "gemini-2.5-flash",
    "concurrent_llm_worker": 20,
    "relative_error": 0.5714285714285714,
    "absolute_error": 8.0,
    "mean_absolute_percentage_error": 57.14285714285714
  },
  "Q4": {
    "query_id": "4",
    "status": "success",
    "execution_time": 26.18004822731018,
    "token_usage": 46830.0,
    "money_cost": 0.018800999999999988,
    "row_count": 1,
    "model_name": "gemini-2.5-flash",
    "concurrent_llm_worker": 20,
    "relative_error": 0.2857142984867096,
    "absolute_error": 0.03333333383003874,
    "mean_absolute_percentage_error": 28.57142984867096
  },
  "Q5": {
    "query_id": "5",
    "status": "success",
    "execution_time": 4.198153018951416,
    "token_usage": 36860.0,
    "money_cost": 0.011718000000000001,
    "row_count": 10,
    "model_name": "gemini-2.5-flash",
    "concurrent_llm_worker": 20,
    "precision": 0.5555555555555556,
    "recall": 0.5,
    "f1_score": 0.5263157894736842
  },
  "Q6": {
    "query_id": "6",
    "status": "success",
    "execution_time": 4.421513557434082,
    "token_usage": 36760.0,
    "money_cost": 0.011687999999999999,
    "row_count": 10,
    "model_name": "gemini-2.5-flash",
    "concurrent_llm_worker": 20,
    "precision": 0.875,
    "recall": 0.7,
    "f1_score": 0.7777777777777777
  },
  "Q7": {
    "query_id": "7",
    "status": "success",
    "execution_time": 1576.7013187408447,
    "token_usage": 24582144.0,
    "money_cost": 7.807180799999742,
    "row_count": 11952,
    "model_name": "gemini-2.5-flash",
    "concurrent_llm_worker": 20,
    "precision": 0.7849099099099099,
    "recall": 0.5109970674486803,
    "f1_score": 0.6190053285968029
  },
  "Q8": {
    "query_id": "8",
    "status": "success",
    "execution_time": 28.807971715927124,
    "token_usage": 46230.0,
    "money_cost": 0.018620999999999988,
    "row_count": 2,
    "model_name": "gemini-2.5-flash",
    "concurrent_llm_worker": 20,
    "relative_error": 0.16172506738544473,
    "absolute_error": 8.0,
    "mean_absolute_percentage_error": 16.172506738544474
  },
  "Q9": {
    "query_id": "9",
    "status": "success",
    "execution_time": 8.562674760818481,
    "token_usage": 131852.0,
    "money_cost": 0.049693199999999986,
    "row_count": 256,
    "model_name": "gemini-2.5-flash",
    "concurrent_llm_worker": 20,
    "spearman_correlation": 0.7710121445561502,
    "kendall_tau": 0.6754930893415891
  }
}