{
  "Q1": {
    "query_id": "1",
    "status": "success",
    "execution_time": 118.09367489814758,
    "token_usage": 8103849,
    "money_cost": 2.8663829,
    "row_count": 3249,
    "model_name": "gemini-2.5-flash",
    "concurrent_llm_worker": 20,
    "precision": 0.5681748230224685,
    "recall": 0.9609578344612181,
    "f1_score": 0.7141199226305609
  },
  "Q10": {
    "query_id": "10",
    "status": "success",
    "execution_time": 91.3696641921997,
    "token_usage": 16512873,
    "money_cost": 5.3891253,
    "row_count": 39315,
    "model_name": "gemini-2.5-flash",
    "concurrent_llm_worker": 20,
    "precision": 0.5874466140638785,
    "recall": 0.6374611212008608,
    "f1_score": 0.5732472819069291
  },
  "Q2": {
    "query_id": "2",
    "status": "success",
    "execution_time": 17.576563596725464,
    "token_usage": 28476,
    "money_cost": 0.0241368,
    "row_count": 47,
    "model_name": "gemini-2.5-flash",
    "concurrent_llm_worker": 20,
    "precision": 0.0425531914893617,
    "recall": 1.0,
    "f1_score": 0.08163265306122448
  },
  "Q3": {
    "query_id": "3",
    "status": "success",
    "execution_time": 43.36924886703491,
    "token_usage": 10513240,
    "money_cost": 3.2331742,
    "row_count": 10,
    "model_name": "gemini-2.5-flash",
    "concurrent_llm_worker": 20,
    "precision": 1.0,
    "recall": 1.0,
    "f1_score": 1.0
  },
  "Q4": {
    "query_id": "4",
    "status": "success",
    "execution_time": 124.18775701522827,
    "token_usage": 7907642,
    "money_cost": 2.8083304,
    "row_count": 1,
    "model_name": "gemini-2.5-flash",
    "concurrent_llm_worker": 20,
    "relative_error": 0.0007466288195218029,
    "absolute_error": 0.010086851334335734,
    "mean_absolute_percentage_error": 0.0746628819521803
  },
  "Q5": {
    "query_id": "5",
    "status": "success",
    "execution_time": 60.744181871414185,
    "token_usage": 11793722,
    "money_cost": 3.6422012,
    "row_count": 1,
    "model_name": "gemini-2.5-flash",
    "concurrent_llm_worker": 20,
    "relative_error": 0.0,
    "absolute_error": 0.0,
    "mean_absolute_percentage_error": 0.0
  },
  "Q6": {
    "query_id": "6",
    "status": "success",
    "execution_time": 47.89654994010925,
    "token_usage": 12665151,
    "money_cost": 3.9836351,
    "row_count": 3785,
    "model_name": "gemini-2.5-flash",
    "concurrent_llm_worker": 20,
    "precision": 0.9587846763540291,
    "recall": 0.9646464646464646,
    "f1_score": 0.9617066383993639
  },
  "Q7": {
    "query_id": "7",
    "status": "success",
    "execution_time": 150.429541349411,
    "token_usage": 19259747,
    "money_cost": 6.3131778999999995,
    "row_count": 27159,
    "model_name": "gemini-2.5-flash",
    "concurrent_llm_worker": 20,
    "precision": 0.28601936742884493,
    "recall": 0.9706360114956891,
    "f1_score": 0.44184062340026165
  },
  "Q8": {
    "query_id": "8",
    "status": "success",
    "execution_time": 43.68517518043518,
    "token_usage": 10928488,
    "money_cost": 3.3602038,
    "row_count": 100,
    "model_name": "gemini-2.5-flash",
    "concurrent_llm_worker": 20,
    "precision": 0.23,
    "recall": 0.23,
    "f1_score": 0.23
  },
  "Q9": {
    "query_id": "9",
    "status": "success",
    "execution_time": 22.515028953552246,
    "token_usage": 0,
    "money_cost": 0.0,
    "row_count": 26,
    "model_name": "gemini-2.5-flash",
    "concurrent_llm_worker": 20,
    "precision": 0.0,
    "recall": 0.0,
    "f1_score": 0.0
  }
}