{
  "Q1": {
    "query_id": "1",
    "status": "success",
    "execution_time": 39.67603516578674,
    "token_usage": 843751,
    "money_cost": 0.2969713,
    "row_count": 12,
    "model_name": "gemini-2.5-flash",
    "concurrent_llm_worker": 20,
    "accuracy": 0.3157894736842105,
    "metric_type": "f1-score",
    "precision": 0.25,
    "recall": 0.42857142857142855,
    "f1_score": 0.3157894736842105
  },
  "Q10": {
    "query_id": "10",
    "status": "success",
    "execution_time": 704.6589782238007,
    "token_usage": 118797622,
    "money_cost": 36.7892684,
    "row_count": 774,
    "model_name": "gemini-2.5-flash",
    "concurrent_llm_worker": 20,
    "accuracy": 0.10559006211180126,
    "metric_type": "f1-score",
    "precision": 0.06589147286821706,
    "recall": 0.265625,
    "f1_score": 0.10559006211180126
  },
  "Q11": {
    "query_id": "11",
    "status": "success",
    "execution_time": 4235.257932424545,
    "token_usage": 675879469,
    "money_cost": 210.1865637,
    "row_count": 4420,
    "model_name": "gemini-2.5-flash",
    "concurrent_llm_worker": 20,
    "accuracy": 0.6658739595719382,
    "metric_type": "f1-score",
    "precision": 0.6334841628959276,
    "recall": 0.7017543859649122,
    "f1_score": 0.6658739595719382
  },
  "Q12": {
    "query_id": "12",
    "status": "success",
    "execution_time": 51.69326186180115,
    "token_usage": 2095298,
    "money_cost": 0.6857365999999999,
    "row_count": 411,
    "model_name": "gemini-2.5-flash",
    "concurrent_llm_worker": 20,
    "accuracy": 0.9507389162561576,
    "metric_type": "f1-score",
    "precision": 0.9391727493917275,
    "recall": 0.9625935162094763,
    "f1_score": 0.9507389162561576
  },
  "Q13": {
    "query_id": "13",
    "status": "success",
    "execution_time": 38.20536732673645,
    "token_usage": 10151151,
    "money_cost": 3.0894113,
    "row_count": 32,
    "model_name": "gemini-2.5-flash",
    "concurrent_llm_worker": 20,
    "accuracy": 0.36363636363636365,
    "metric_type": "f1-score",
    "precision": 0.25,
    "recall": 0.6666666666666666,
    "f1_score": 0.36363636363636365
  },
  "Q14": {
    "query_id": "14",
    "status": "success",
    "execution_time": 63.97056531906128,
    "token_usage": 11071843,
    "money_cost": 3.3749491,
    "row_count": 4,
    "model_name": "gemini-2.5-flash",
    "concurrent_llm_worker": 20,
    "accuracy": 0.8571428571428571,
    "metric_type": "f1-score",
    "precision": 1.0,
    "recall": 0.75,
    "f1_score": 0.8571428571428571
  },
  "Q2": {
    "query_id": "2",
    "status": "success",
    "execution_time": 38.35354566574097,
    "token_usage": 8986586,
    "money_cost": 2.7398966,
    "row_count": 21,
    "model_name": "gemini-2.5-flash",
    "concurrent_llm_worker": 20,
    "accuracy": 0.3076923076923077,
    "metric_type": "f1-score",
    "precision": 0.19047619047619047,
    "recall": 0.8,
    "f1_score": 0.3076923076923077
  },
  "Q3": {
    "query_id": "3",
    "status": "success",
    "execution_time": 36.739460468292236,
    "token_usage": 865309,
    "money_cost": 0.28071270000000004,
    "row_count": 3992,
    "model_name": "gemini-2.5-flash",
    "concurrent_llm_worker": 20,
    "accuracy": 0.9662217954729714,
    "metric_type": "adjusted-rand-index"
  },
  "Q4": {
    "query_id": "4",
    "status": "success",
    "execution_time": 32.09452414512634,
    "token_usage": 5341244,
    "money_cost": 1.6077632,
    "row_count": 2322,
    "model_name": "gemini-2.5-flash",
    "concurrent_llm_worker": 20,
    "accuracy": 0.685554206808783,
    "metric_type": "adjusted-rand-index"
  },
  "Q5": {
    "query_id": "5",
    "status": "success",
    "execution_time": 28.36307120323181,
    "token_usage": 781233,
    "money_cost": 0.2505641,
    "row_count": 1856,
    "model_name": "gemini-2.5-flash",
    "concurrent_llm_worker": 20,
    "accuracy": 0.9742729149813938,
    "metric_type": "adjusted-rand-index"
  },
  "Q6": {
    "query_id": "6",
    "status": "success",
    "execution_time": 32.35300350189209,
    "token_usage": 5307615,
    "money_cost": 1.6085095,
    "row_count": 1856,
    "model_name": "gemini-2.5-flash",
    "concurrent_llm_worker": 20,
    "accuracy": 0.9274061130609865,
    "metric_type": "adjusted-rand-index"
  },
  "Q7": {
    "query_id": "7",
    "status": "success",
    "execution_time": 1413.6517026424408,
    "token_usage": 197575823,
    "money_cost": 65.2735263,
    "row_count": 7566,
    "model_name": "gemini-2.5-flash",
    "concurrent_llm_worker": 20,
    "accuracy": 0.7814622453056332,
    "metric_type": "f1-score",
    "precision": 0.6463124504361618,
    "recall": 0.9880783996767024,
    "f1_score": 0.7814622453056332
  },
  "Q8": {
    "query_id": "8",
    "status": "success",
    "execution_time": 910.9680547714233,
    "token_usage": 420235786,
    "money_cost": 127.345935,
    "row_count": 943,
    "model_name": "gemini-2.5-flash",
    "concurrent_llm_worker": 20,
    "accuracy": 0.08791208791208789,
    "metric_type": "f1-score",
    "precision": 0.046052631578947366,
    "recall": 0.9655172413793104,
    "f1_score": 0.08791208791208789
  },
  "Q9": {
    "query_id": "9",
    "status": "success",
    "execution_time": 119.6308331489563,
    "token_usage": 15743453,
    "money_cost": 5.004774499999999,
    "row_count": 1264,
    "model_name": "gemini-2.5-flash",
    "concurrent_llm_worker": 20,
    "accuracy": 0.5275754422476587,
    "metric_type": "f1-score",
    "precision": 0.40625,
    "recall": 0.7522255192878339,
    "f1_score": 0.5275754422476587
  }
}