{
  "Q1": {
    "query_id": "1",
    "status": "success",
    "execution_time": 30.436140060424805,
    "token_usage": 444840,
    "money_cost": 0.155397,
    "row_count": 11,
    "model_name": "gemini-2.5-flash",
    "concurrent_llm_worker": 20,
    "accuracy": 0.33333333333333326,
    "metric_type": "f1-score",
    "precision": 0.2727272727272727,
    "recall": 0.42857142857142855,
    "f1_score": 0.33333333333333326
  },
  "Q10": {
    "query_id": "10",
    "status": "success",
    "execution_time": 116.6839611530304,
    "token_usage": 27752914,
    "money_cost": 8.5428756,
    "row_count": 52,
    "model_name": "gemini-2.5-flash",
    "concurrent_llm_worker": 20,
    "accuracy": 0.08823529411764705,
    "metric_type": "f1-score",
    "precision": 0.057692307692307696,
    "recall": 0.1875,
    "f1_score": 0.08823529411764705
  },
  "Q11": {
    "query_id": "11",
    "status": "success",
    "execution_time": 456.42832803726196,
    "token_usage": 81751292,
    "money_cost": 25.299721599999998,
    "row_count": 432,
    "model_name": "gemini-2.5-flash",
    "concurrent_llm_worker": 20,
    "accuracy": 0.7549019607843137,
    "metric_type": "f1-score",
    "precision": 0.7129629629629629,
    "recall": 0.8020833333333334,
    "f1_score": 0.7549019607843137
  },
  "Q12": {
    "query_id": "12",
    "status": "success",
    "execution_time": 49.30538201332092,
    "token_usage": 1048179,
    "money_cost": 0.3432099,
    "row_count": 208,
    "model_name": "gemini-2.5-flash",
    "concurrent_llm_worker": 20,
    "accuracy": 0.9417475728155339,
    "metric_type": "f1-score",
    "precision": 0.9326923076923077,
    "recall": 0.9509803921568627,
    "f1_score": 0.9417475728155339
  },
  "Q13": {
    "query_id": "13",
    "status": "success",
    "execution_time": 123.95959687232971,
    "token_usage": 5007537,
    "money_cost": 1.5242589,
    "row_count": 15,
    "model_name": "gemini-2.5-flash",
    "concurrent_llm_worker": 20,
    "accuracy": 0.5925925925925926,
    "metric_type": "f1-score",
    "precision": 0.5333333333333333,
    "recall": 0.6666666666666666,
    "f1_score": 0.5925925925925926
  },
  "Q14": {
    "query_id": "14",
    "status": "success",
    "execution_time": 120.7571063041687,
    "token_usage": 5143887,
    "money_cost": 1.5690886999999998,
    "row_count": 2,
    "model_name": "gemini-2.5-flash",
    "concurrent_llm_worker": 20,
    "accuracy": 0.0,
    "metric_type": "f1-score",
    "precision": 0.0,
    "recall": 0.0,
    "f1_score": 0.0
  },
  "Q2": {
    "query_id": "2",
    "status": "success",
    "execution_time": 115.27804279327393,
    "token_usage": 4401688,
    "money_cost": 1.3425063999999998,
    "row_count": 11,
    "model_name": "gemini-2.5-flash",
    "concurrent_llm_worker": 20,
    "accuracy": 0.5000000000000001,
    "metric_type": "f1-score",
    "precision": 0.36363636363636365,
    "recall": 0.8,
    "f1_score": 0.5000000000000001
  },
  "Q3": {
    "query_id": "3",
    "status": "success",
    "execution_time": 91.4378387928009,
    "token_usage": 455585,
    "money_cost": 0.1471475,
    "row_count": 2000,
    "model_name": "gemini-2.5-flash",
    "concurrent_llm_worker": 20,
    "accuracy": 0.9613365365755355,
    "metric_type": "adjusted-rand-index"
  },
  "Q4": {
    "query_id": "4",
    "status": "success",
    "execution_time": 54.80733108520508,
    "token_usage": 2665316,
    "money_cost": 0.8023183999999999,
    "row_count": 1178,
    "model_name": "gemini-2.5-flash",
    "concurrent_llm_worker": 20,
    "accuracy": 0.6654910647284334,
    "metric_type": "adjusted-rand-index"
  },
  "Q5": {
    "query_id": "5",
    "status": "success",
    "execution_time": 43.28896474838257,
    "token_usage": 435274,
    "money_cost": 0.1391314,
    "row_count": 980,
    "model_name": "gemini-2.5-flash",
    "concurrent_llm_worker": 20,
    "accuracy": 0.974656982608636,
    "metric_type": "adjusted-rand-index"
  },
  "Q6": {
    "query_id": "6",
    "status": "success",
    "execution_time": 64.07532811164856,
    "token_usage": 2722158,
    "money_cost": 0.8252229999999999,
    "row_count": 980,
    "model_name": "gemini-2.5-flash",
    "concurrent_llm_worker": 20,
    "accuracy": 0.9125911482878551,
    "metric_type": "adjusted-rand-index"
  },
  "Q7": {
    "query_id": "7",
    "status": "success",
    "execution_time": 773.8090798854828,
    "token_usage": 70516513,
    "money_cost": 23.119195299999998,
    "row_count": 2603,
    "model_name": "gemini-2.5-flash",
    "concurrent_llm_worker": 20,
    "accuracy": 0.8185502026114364,
    "metric_type": "f1-score",
    "precision": 0.69842489435267,
    "recall": 0.9885807504078303,
    "f1_score": 0.8185502026114364
  },
  "Q8": {
    "query_id": "8",
    "status": "success",
    "execution_time": 273.2191410064697,
    "token_usage": 132385508,
    "money_cost": 40.068752399999994,
    "row_count": 234,
    "model_name": "gemini-2.5-flash",
    "concurrent_llm_worker": 20,
    "accuracy": 0.11814345991561181,
    "metric_type": "f1-score",
    "precision": 0.06334841628959276,
    "recall": 0.875,
    "f1_score": 0.11814345991561181
  },
  "Q9": {
    "query_id": "9",
    "status": "success",
    "execution_time": 44.80123972892761,
    "token_usage": 3277359,
    "money_cost": 1.0418794999999998,
    "row_count": 411,
    "model_name": "gemini-2.5-flash",
    "concurrent_llm_worker": 20,
    "accuracy": 0.4703703703703704,
    "metric_type": "f1-score",
    "precision": 0.3175,
    "recall": 0.9071428571428571,
    "f1_score": 0.4703703703703704
  }
}