{
  "Q1": {
    "query_id": "1",
    "status": "success",
    "execution_time": 826.7786476612091,
    "money_cost": 5.331554099999894,
    "row_count": 2992,
    "model_name": "gemini-2.5-flash",
    "concurrent_llm_worker": 20,
    "precision": 0.6153074866310161,
    "recall": 0.9583550234252993,
    "f1_score": 0.7494402605332791
  },
  "Q10": {
    "query_id": "10",
    "status": "success",
    "execution_time": 1059.6133008003235,
    "money_cost": 11.139099600000014,
    "row_count": 39315,
    "model_name": "gemini-2.5-flash",
    "concurrent_llm_worker": 20,
    "precision": 0.5225820119010691,
    "recall": 0.5472722808909921,
    "f1_score": 0.5050245130742428
  },
  "Q2": {
    "query_id": "2",
    "status": "success",
    "execution_time": 6.175391435623169,
    "money_cost": 0.009210000000000006,
    "row_count": 4,
    "model_name": "gemini-2.5-flash",
    "concurrent_llm_worker": 20,
    "precision": 0.0,
    "recall": 0.0,
    "f1_score": 0.0
  },
  "Q3": {
    "query_id": "3",
    "status": "success",
    "execution_time": 5.297530174255371,
    "money_cost": 0.010798199999999997,
    "row_count": 10,
    "model_name": "gemini-2.5-flash",
    "concurrent_llm_worker": 20,
    "precision": 1.0,
    "recall": 1.0,
    "f1_score": 1.0
  },
  "Q4": {
    "query_id": "4",
    "status": "success",
    "execution_time": 983.8823113441467,
    "money_cost": 5.272581599999919,
    "row_count": 1,
    "model_name": "gemini-2.5-flash",
    "concurrent_llm_worker": 20,
    "relative_error": 0.0019193130470897366,
    "absolute_error": 0.0259296518750034,
    "mean_absolute_percentage_error": 0.19193130470897365
  },
  "Q5": {
    "query_id": "5",
    "status": "success",
    "execution_time": 7.529626846313477,
    "money_cost": 0.020437800000000006,
    "row_count": 1,
    "model_name": "gemini-2.5-flash",
    "concurrent_llm_worker": 20,
    "relative_error": 0.0,
    "absolute_error": 0.0,
    "mean_absolute_percentage_error": 0.0
  },
  "Q6": {
    "query_id": "6",
    "status": "success",
    "execution_time": 610.2338800430298,
    "money_cost": 5.1105313000000585,
    "row_count": 3848,
    "model_name": "gemini-2.5-flash",
    "concurrent_llm_worker": 20,
    "precision": 0.954002079002079,
    "recall": 0.9758107389686337,
    "f1_score": 0.9647831800262813
  },
  "Q7": {
    "query_id": "7",
    "status": "success",
    "execution_time": 1394.0087456703186,
    "money_cost": 9.384895199999972,
    "row_count": 17757,
    "model_name": "gemini-2.5-flash",
    "concurrent_llm_worker": 20,
    "precision": 0.4034465281297516,
    "recall": 0.8951643133824816,
    "f1_score": 0.5562111801242235
  },
  "Q8": {
    "query_id": "8",
    "status": "success",
    "execution_time": 400.8181824684143,
    "money_cost": 4.046043599999958,
    "row_count": 100,
    "model_name": "gemini-2.5-flash",
    "concurrent_llm_worker": 20,
    "precision": 0.34,
    "recall": 0.34,
    "f1_score": 0.34
  },
  "Q9": {
    "query_id": "9",
    "status": "success",
    "execution_time": 402.47939229011536,
    "money_cost": 4.095410700000127,
    "row_count": 14,
    "model_name": "gemini-2.5-flash",
    "concurrent_llm_worker": 20,
    "precision": 0.0,
    "recall": 0.0,
    "f1_score": 0.0
  }
}