{
  "Q1": {
    "query_id": "1",
    "status": "success",
    "execution_time": 29.33178949356079,
    "token_usage": 103365,
    "money_cost": 0.0364985,
    "row_count": 5,
    "model_name": "gemini-2.5-flash",
    "concurrent_llm_worker": 20,
    "accuracy": 0.5,
    "metric_type": "f1-score",
    "precision": 0.6,
    "recall": 0.42857142857142855,
    "f1_score": 0.5
  },
  "Q10": {
    "query_id": "10",
    "status": "success",
    "execution_time": 62.872589349746704,
    "token_usage": 4723364,
    "money_cost": 1.447939,
    "row_count": 31,
    "model_name": "gemini-2.5-flash",
    "concurrent_llm_worker": 20,
    "accuracy": 0.05128205128205128,
    "metric_type": "f1-score",
    "precision": 0.03225806451612903,
    "recall": 0.125,
    "f1_score": 0.05128205128205128
  },
  "Q11": {
    "query_id": "11",
    "status": "success",
    "execution_time": 95.63635921478271,
    "token_usage": 6109965,
    "money_cost": 1.8734188999999999,
    "row_count": 54,
    "model_name": "gemini-2.5-flash",
    "concurrent_llm_worker": 20,
    "accuracy": 0.5,
    "metric_type": "f1-score",
    "precision": 0.3333333333333333,
    "recall": 1.0,
    "f1_score": 0.5
  },
  "Q12": {
    "query_id": "12",
    "status": "success",
    "execution_time": 33.4328453540802,
    "token_usage": 304307,
    "money_cost": 0.09895029999999999,
    "row_count": 63,
    "model_name": "gemini-2.5-flash",
    "concurrent_llm_worker": 20,
    "accuracy": 0.9256198347107438,
    "metric_type": "f1-score",
    "precision": 0.8888888888888888,
    "recall": 0.9655172413793104,
    "f1_score": 0.9256198347107438
  },
  "Q13": {
    "query_id": "13",
    "status": "success",
    "execution_time": 20.391734838485718,
    "token_usage": 1258070,
    "money_cost": 0.38293639999999995,
    "row_count": 12,
    "model_name": "gemini-2.5-flash",
    "concurrent_llm_worker": 20,
    "accuracy": 0.6666666666666666,
    "metric_type": "f1-score",
    "precision": 0.6666666666666666,
    "recall": 0.6666666666666666,
    "f1_score": 0.6666666666666666
  },
  "Q14": {
    "query_id": "14",
    "status": "success",
    "execution_time": 32.30881190299988,
    "token_usage": 1217554,
    "money_cost": 0.37150320000000003,
    "row_count": 2,
    "model_name": "gemini-2.5-flash",
    "concurrent_llm_worker": 20,
    "accuracy": 1.0,
    "metric_type": "f1-score",
    "precision": 1.0,
    "recall": 1.0,
    "f1_score": 1.0
  },
  "Q2": {
    "query_id": "2",
    "status": "success",
    "execution_time": 23.87081027030945,
    "token_usage": 1114096,
    "money_cost": 0.33972879999999994,
    "row_count": 8,
    "model_name": "gemini-2.5-flash",
    "concurrent_llm_worker": 20,
    "accuracy": 0.6153846153846154,
    "metric_type": "f1-score",
    "precision": 0.5,
    "recall": 0.8,
    "f1_score": 0.6153846153846154
  },
  "Q3": {
    "query_id": "3",
    "status": "success",
    "execution_time": 17.16686248779297,
    "token_usage": 106054,
    "money_cost": 0.0344386,
    "row_count": 500,
    "model_name": "gemini-2.5-flash",
    "concurrent_llm_worker": 20,
    "accuracy": 0.9546386832857515,
    "metric_type": "adjusted-rand-index"
  },
  "Q4": {
    "query_id": "4",
    "status": "success",
    "execution_time": 15.913641214370728,
    "token_usage": 679348,
    "money_cost": 0.20448639999999998,
    "row_count": 294,
    "model_name": "gemini-2.5-flash",
    "concurrent_llm_worker": 20,
    "accuracy": 0.7110747088394452,
    "metric_type": "adjusted-rand-index"
  },
  "Q5": {
    "query_id": "5",
    "status": "success",
    "execution_time": 13.224397659301758,
    "token_usage": 95012,
    "money_cost": 0.030505599999999997,
    "row_count": 228,
    "model_name": "gemini-2.5-flash",
    "concurrent_llm_worker": 20,
    "accuracy": 0.9834218113056721,
    "metric_type": "adjusted-rand-index"
  },
  "Q6": {
    "query_id": "6",
    "status": "success",
    "execution_time": 15.1754629611969,
    "token_usage": 621106,
    "money_cost": 0.1883338,
    "row_count": 228,
    "model_name": "gemini-2.5-flash",
    "concurrent_llm_worker": 20,
    "accuracy": 0.9794175205819398,
    "metric_type": "adjusted-rand-index"
  },
  "Q7": {
    "query_id": "7",
    "status": "success",
    "execution_time": 46.34581708908081,
    "token_usage": 2889125,
    "money_cost": 0.9548629,
    "row_count": 235,
    "model_name": "gemini-2.5-flash",
    "concurrent_llm_worker": 20,
    "accuracy": 0.8480392156862745,
    "metric_type": "f1-score",
    "precision": 0.7361702127659574,
    "recall": 1.0,
    "f1_score": 0.8480392156862745
  },
  "Q8": {
    "query_id": "8",
    "status": "success",
    "execution_time": 39.6949200630188,
    "token_usage": 1565596,
    "money_cost": 0.47517879999999996,
    "row_count": 1,
    "model_name": "gemini-2.5-flash",
    "concurrent_llm_worker": 20,
    "accuracy": 1.0,
    "metric_type": "f1-score",
    "precision": 1.0,
    "recall": 1.0,
    "f1_score": 1.0
  },
  "Q9": {
    "query_id": "9",
    "status": "success",
    "execution_time": 21.950840950012207,
    "token_usage": 481545,
    "money_cost": 0.1530765,
    "row_count": 95,
    "model_name": "gemini-2.5-flash",
    "concurrent_llm_worker": 20,
    "accuracy": 0.6865671641791045,
    "metric_type": "f1-score",
    "precision": 0.5227272727272727,
    "recall": 1.0,
    "f1_score": 0.6865671641791045
  }
}