{
  "Q1": {
    "query_id": "1",
    "status": "success",
    "execution_time": 23.435217142105103,
    "token_usage": 210858,
    "money_cost": 0.0742552,
    "row_count": 6,
    "model_name": "gemini-2.5-flash",
    "concurrent_llm_worker": 20,
    "accuracy": 0.4615384615384615,
    "metric_type": "f1-score",
    "precision": 0.5,
    "recall": 0.42857142857142855,
    "f1_score": 0.4615384615384615
  },
  "Q10": {
    "query_id": "10",
    "status": "success",
    "execution_time": 84.47421431541443,
    "token_usage": 11359383,
    "money_cost": 3.4874835,
    "row_count": 9,
    "model_name": "gemini-2.5-flash",
    "concurrent_llm_worker": 20,
    "accuracy": 0.0,
    "metric_type": "f1-score",
    "precision": 0.0,
    "recall": 0.0,
    "f1_score": 0.0
  },
  "Q11": {
    "query_id": "11",
    "status": "success",
    "execution_time": 179.9478132724762,
    "token_usage": 18635368,
    "money_cost": 5.741691,
    "row_count": 351,
    "model_name": "gemini-2.5-flash",
    "concurrent_llm_worker": 20,
    "accuracy": 0.5303867403314918,
    "metric_type": "f1-score",
    "precision": 0.41025641025641024,
    "recall": 0.75,
    "f1_score": 0.5303867403314918
  },
  "Q12": {
    "query_id": "12",
    "status": "success",
    "execution_time": 31.928253412246704,
    "token_usage": 552685,
    "money_cost": 0.1803805,
    "row_count": 108,
    "model_name": "gemini-2.5-flash",
    "concurrent_llm_worker": 20,
    "accuracy": 0.9439252336448598,
    "metric_type": "f1-score",
    "precision": 0.9351851851851852,
    "recall": 0.9528301886792453,
    "f1_score": 0.9439252336448598
  },
  "Q13": {
    "query_id": "13",
    "status": "success",
    "execution_time": 25.43623924255371,
    "token_usage": 2571195,
    "money_cost": 0.7823827,
    "row_count": 15,
    "model_name": "gemini-2.5-flash",
    "concurrent_llm_worker": 20,
    "accuracy": 0.5925925925925926,
    "metric_type": "f1-score",
    "precision": 0.5333333333333333,
    "recall": 0.6666666666666666,
    "f1_score": 0.5925925925925926
  },
  "Q14": {
    "query_id": "14",
    "status": "success",
    "execution_time": 41.28451442718506,
    "token_usage": 2687468,
    "money_cost": 0.8195745999999999,
    "row_count": 4,
    "model_name": "gemini-2.5-flash",
    "concurrent_llm_worker": 20,
    "accuracy": 0.6666666666666666,
    "metric_type": "f1-score",
    "precision": 0.6666666666666666,
    "recall": 0.6666666666666666,
    "f1_score": 0.6666666666666666
  },
  "Q2": {
    "query_id": "2",
    "status": "success",
    "execution_time": 35.13293433189392,
    "token_usage": 2276409,
    "money_cost": 0.6939116999999999,
    "row_count": 9,
    "model_name": "gemini-2.5-flash",
    "concurrent_llm_worker": 20,
    "accuracy": 0.5714285714285714,
    "metric_type": "f1-score",
    "precision": 0.4444444444444444,
    "recall": 0.8,
    "f1_score": 0.5714285714285714
  },
  "Q3": {
    "query_id": "3",
    "status": "success",
    "execution_time": 24.375197649002075,
    "token_usage": 216294,
    "money_cost": 0.0702628,
    "row_count": 999,
    "model_name": "gemini-2.5-flash",
    "concurrent_llm_worker": 20,
    "accuracy": 0.9725461277783337,
    "metric_type": "adjusted-rand-index"
  },
  "Q4": {
    "query_id": "4",
    "status": "success",
    "execution_time": 19.962719678878784,
    "token_usage": 1416288,
    "money_cost": 0.4262988,
    "row_count": 602,
    "model_name": "gemini-2.5-flash",
    "concurrent_llm_worker": 20,
    "accuracy": 0.6571958912852673,
    "metric_type": "adjusted-rand-index"
  },
  "Q5": {
    "query_id": "5",
    "status": "success",
    "execution_time": 17.235466480255127,
    "token_usage": 197306,
    "money_cost": 0.063275,
    "row_count": 467,
    "model_name": "gemini-2.5-flash",
    "concurrent_llm_worker": 20,
    "accuracy": 0.9526947828080021,
    "metric_type": "adjusted-rand-index"
  },
  "Q6": {
    "query_id": "6",
    "status": "success",
    "execution_time": 18.335806608200073,
    "token_usage": 1332927,
    "money_cost": 0.4039525,
    "row_count": 467,
    "model_name": "gemini-2.5-flash",
    "concurrent_llm_worker": 20,
    "accuracy": 0.9256400861427817,
    "metric_type": "adjusted-rand-index"
  },
  "Q7": {
    "query_id": "7",
    "status": "success",
    "execution_time": 104.97904872894287,
    "token_usage": 15421440,
    "money_cost": 5.0620584,
    "row_count": 898,
    "model_name": "gemini-2.5-flash",
    "concurrent_llm_worker": 20,
    "accuracy": 0.8165137614678899,
    "metric_type": "f1-score",
    "precision": 0.6937639198218263,
    "recall": 0.9920382165605095,
    "f1_score": 0.8165137614678899
  },
  "Q8": {
    "query_id": "8",
    "status": "success",
    "execution_time": 72.48342490196228,
    "token_usage": 27474040,
    "money_cost": 8.330212,
    "row_count": 12,
    "model_name": "gemini-2.5-flash",
    "concurrent_llm_worker": 20,
    "accuracy": 0.8,
    "metric_type": "f1-score",
    "precision": 0.6666666666666666,
    "recall": 1.0,
    "f1_score": 0.8
  },
  "Q9": {
    "query_id": "9",
    "status": "success",
    "execution_time": 29.948643684387207,
    "token_usage": 1245375,
    "money_cost": 0.3958875,
    "row_count": 125,
    "model_name": "gemini-2.5-flash",
    "concurrent_llm_worker": 20,
    "accuracy": 0.6666666666666666,
    "metric_type": "f1-score",
    "precision": 0.5398230088495575,
    "recall": 0.8714285714285714,
    "f1_score": 0.6666666666666666
  }
}