{
  "Q1": {
    "query_id": "1",
    "status": "success",
    "execution_time": 19.920607566833496,
    "token_usage": 372633,
    "money_cost": 0.1183833,
    "row_count": 7,
    "model_name": "gemini-2.5-flash",
    "concurrent_llm_worker": 20,
    "accuracy": 1.0,
    "metric_type": "f1-score",
    "precision": 1.0,
    "recall": 1.0,
    "f1_score": 1.0
  },
  "Q10": {
    "query_id": "10",
    "status": "success",
    "execution_time": 301.2797882556915,
    "token_usage": 2788831,
    "money_cost": 0.8586140999999999,
    "row_count": 8,
    "model_name": "gemini-2.5-flash",
    "concurrent_llm_worker": 20,
    "accuracy": 0.0,
    "metric_type": "f1-score",
    "precision": 0.0,
    "recall": 0.0,
    "f1_score": 0.0
  },
  "Q11": {
    "query_id": "11",
    "status": "success",
    "execution_time": 734.0529091358185,
    "token_usage": 4217540,
    "money_cost": 1.3120163999999999,
    "row_count": 2544,
    "model_name": "gemini-2.5-flash",
    "concurrent_llm_worker": 20,
    "accuracy": 0.5774647887323944,
    "metric_type": "f1-score",
    "precision": 0.5256410256410257,
    "recall": 0.640625,
    "f1_score": 0.5774647887323944
  },
  "Q12": {
    "query_id": "12",
    "status": "success",
    "execution_time": 204.52359008789062,
    "token_usage": 716792,
    "money_cost": 0.2268428,
    "row_count": 106,
    "model_name": "gemini-2.5-flash",
    "concurrent_llm_worker": 20,
    "accuracy": 0.6132075471698113,
    "metric_type": "f1-score",
    "precision": 0.6132075471698113,
    "recall": 0.6132075471698113,
    "f1_score": 0.6132075471698113
  },
  "Q13": {
    "query_id": "13",
    "status": "success",
    "execution_time": 1051.3784935474396,
    "token_usage": 2742948,
    "money_cost": 0.8294778,
    "row_count": 9,
    "model_name": "gemini-2.5-flash",
    "concurrent_llm_worker": 20,
    "accuracy": 0.6666666666666666,
    "metric_type": "f1-score",
    "precision": 0.7777777777777778,
    "recall": 0.5833333333333334,
    "f1_score": 0.6666666666666666
  },
  "Q14": {
    "query_id": "14",
    "status": "success",
    "execution_time": 812.8099942207336,
    "token_usage": 2621683,
    "money_cost": 0.7938506999999999,
    "row_count": 3,
    "model_name": "gemini-2.5-flash",
    "concurrent_llm_worker": 20,
    "accuracy": 1.0,
    "metric_type": "f1-score",
    "precision": 1.0,
    "recall": 1.0,
    "f1_score": 1.0
  },
  "Q2": {
    "query_id": "2",
    "status": "success",
    "execution_time": 448.15868496894836,
    "token_usage": 2342343,
    "money_cost": 0.7092963,
    "row_count": 10,
    "model_name": "gemini-2.5-flash",
    "concurrent_llm_worker": 20,
    "accuracy": 0.5333333333333333,
    "metric_type": "f1-score",
    "precision": 0.4,
    "recall": 0.8,
    "f1_score": 0.5333333333333333
  },
  "Q3": {
    "query_id": "3",
    "status": "success",
    "execution_time": 40.735376834869385,
    "token_usage": 399254,
    "money_cost": 0.14757320000000002,
    "row_count": 999,
    "model_name": "gemini-2.5-flash",
    "concurrent_llm_worker": 20,
    "accuracy": 0.9665187589146653,
    "metric_type": "adjusted-rand-index"
  },
  "Q4": {
    "query_id": "4",
    "status": "success",
    "execution_time": 659.3411083221436,
    "token_usage": 1474012,
    "money_cost": 0.455386,
    "row_count": 602,
    "model_name": "gemini-2.5-flash",
    "concurrent_llm_worker": 20,
    "accuracy": 0.4209405386397193,
    "metric_type": "adjusted-rand-index"
  },
  "Q5": {
    "query_id": "5",
    "status": "success",
    "execution_time": 10.30731725692749,
    "token_usage": 270093,
    "money_cost": 0.0830563,
    "row_count": 467,
    "model_name": "gemini-2.5-flash",
    "concurrent_llm_worker": 20,
    "accuracy": 0.9691643641578925,
    "metric_type": "adjusted-rand-index"
  },
  "Q6": {
    "query_id": "6",
    "status": "success",
    "execution_time": 501.78465843200684,
    "token_usage": 1369822,
    "money_cost": 0.4129706,
    "row_count": 467,
    "model_name": "gemini-2.5-flash",
    "concurrent_llm_worker": 20,
    "accuracy": 0.9395672788097909,
    "metric_type": "adjusted-rand-index"
  },
  "Q7": {
    "query_id": "7",
    "status": "success",
    "execution_time": 3333.6550555229187,
    "token_usage": 29546437,
    "money_cost": 9.1605703,
    "row_count": 1072,
    "model_name": "gemini-2.5-flash",
    "concurrent_llm_worker": 20,
    "accuracy": 0.22588235294117645,
    "metric_type": "f1-score",
    "precision": 0.1791044776119403,
    "recall": 0.3057324840764331,
    "f1_score": 0.22588235294117645
  },
  "Q8": {
    "query_id": "8",
    "status": "failed",
    "execution_time": 0.0,
    "error": "'ServiceUnavailableError' object has no attribute 'choices'",
    "row_count": 0,
    "model_name": "gemini-2.5-flash",
    "concurrent_llm_worker": 20,
    "accuracy": 0.0,
    "metric_type": "f1-score",
    "precision": 0.0,
    "recall": 0.0,
    "f1_score": 0.0
  },
  "Q9": {
    "query_id": "9",
    "status": "success",
    "execution_time": 194.1805899143219,
    "token_usage": 1421550,
    "money_cost": 0.43983,
    "row_count": 153,
    "model_name": "gemini-2.5-flash",
    "concurrent_llm_worker": 20,
    "accuracy": 0.6098654708520179,
    "metric_type": "f1-score",
    "precision": 0.4444444444444444,
    "recall": 0.9714285714285714,
    "f1_score": 0.6098654708520179
  }
}