{
  "Q1": {
    "query_id": "1",
    "status": "success",
    "execution_time": 2.2766191959381104,
    "token_usage": 6680.0,
    "money_cost": 0.0027146,
    "row_count": 1,
    "model_name": "gemini-2.5-flash",
    "concurrent_llm_worker": 20,
    "precision": 1.0,
    "recall": 1.0,
    "f1_score": 1.0
  },
  "Q2a": {
    "query_id": "2a",
    "status": "success",
    "execution_time": 484.75730562210083,
    "token_usage": 13041324.0,
    "money_cost": 3.981037200000108,
    "row_count": 5,
    "model_name": "gemini-2.5-flash",
    "concurrent_llm_worker": 20,
    "precision": 1.0,
    "recall": 1.0,
    "f1_score": 1.0
  },
  "Q2b": {
    "query_id": "2b",
    "status": "success",
    "execution_time": 504.2180790901184,
    "token_usage": 13050312.0,
    "money_cost": 3.9839712000001595,
    "row_count": 6,
    "model_name": "gemini-2.5-flash",
    "concurrent_llm_worker": 20,
    "precision": 0.8333333333333334,
    "recall": 1.0,
    "f1_score": 0.9090909090909091
  },
  "Q3a": {
    "query_id": "3a",
    "status": "success",
    "execution_time": 17.040539741516113,
    "token_usage": 260338.0,
    "money_cost": 0.08338140000000001,
    "row_count": 28,
    "model_name": "gemini-2.5-flash",
    "concurrent_llm_worker": 20,
    "precision": 0.42857142857142855,
    "recall": 0.9230769230769231,
    "f1_score": 0.5853658536585366
  },
  "Q3f": {
    "query_id": "3f",
    "status": "success",
    "execution_time": 22.834779500961304,
    "token_usage": 260338.0,
    "money_cost": 0.08338139999999997,
    "row_count": 4,
    "model_name": "gemini-2.5-flash",
    "concurrent_llm_worker": 20,
    "precision": 0.75,
    "recall": 1.0,
    "f1_score": 0.8571428571428571
  },
  "Q4": {
    "query_id": "4",
    "status": "success",
    "execution_time": 2.403773784637451,
    "token_usage": 12394.0,
    "money_cost": 0.004776400000000001,
    "row_count": 24,
    "model_name": "gemini-2.5-flash",
    "concurrent_llm_worker": 20,
    "precision": 0.5476190476190477,
    "recall": 0.5897435897435898,
    "f1_score": 0.5679012345679013
  },
  "Q5": {
    "query_id": "5",
    "status": "failed",
    "execution_time": 0.0,
    "error": "'MemoryDataset' object has no attribute 'sem_agg'",
    "row_count": 0,
    "model_name": "gemini-2.5-flash",
    "concurrent_llm_worker": 20,
    "precision": 0.0,
    "recall": 0.0,
    "f1_score": 0.0
  },
  "Q6a": {
    "query_id": "6a",
    "status": "success",
    "execution_time": 18.091644763946533,
    "token_usage": 192745.0,
    "money_cost": 0.06310349999999992,
    "row_count": 1,
    "model_name": "gemini-2.5-flash",
    "concurrent_llm_worker": 20,
    "precision": 1.0,
    "recall": 1.0,
    "f1_score": 1.0
  },
  "Q6b": {
    "query_id": "6b",
    "status": "success",
    "execution_time": 18.216076612472534,
    "token_usage": 192745.0,
    "money_cost": 0.06310349999999991,
    "row_count": 1,
    "model_name": "gemini-2.5-flash",
    "concurrent_llm_worker": 20,
    "precision": 1.0,
    "recall": 1.0,
    "f1_score": 1.0
  },
  "Q6c": {
    "query_id": "6c",
    "status": "success",
    "execution_time": 16.854186058044434,
    "token_usage": 192745.0,
    "money_cost": 0.06310349999999999,
    "row_count": 6,
    "model_name": "gemini-2.5-flash",
    "concurrent_llm_worker": 20,
    "precision": 0.8333333333333334,
    "recall": 1.0,
    "f1_score": 0.9090909090909091
  },
  "Q7": {
    "query_id": "7",
    "status": "success",
    "execution_time": 30332.84209918976,
    "token_usage": 791819381.0,
    "money_cost": 241.76962949908696,
    "row_count": 514,
    "model_name": "gemini-2.5-flash",
    "concurrent_llm_worker": 20,
    "precision": 0.01893939393939394,
    "recall": 1.0,
    "f1_score": 0.03717472118959107
  }
}