{
  "Q1": {
    "query_id": "1",
    "status": "success",
    "execution_time": 391.0264616012573,
    "token_usage": 32544823,
    "money_cost": 11.5046875,
    "row_count": 13132,
    "model_name": "gemini-2.5-flash",
    "concurrent_llm_worker": 20,
    "precision": 0.5588638440450807,
    "recall": 0.9575939457202505,
    "f1_score": 0.7058088093864204
  },
  "Q10": {
    "query_id": "10",
    "status": "success",
    "execution_time": 349.37670493125916,
    "token_usage": 66181894,
    "money_cost": 21.5950542,
    "row_count": 157269,
    "model_name": "gemini-2.5-flash",
    "concurrent_llm_worker": 20,
    "precision": 0.5854973966554746,
    "recall": 0.63695345710071,
    "f1_score": 0.5718702628663163
  },
  "Q2": {
    "query_id": "2",
    "status": "success",
    "execution_time": 34.2916693687439,
    "token_usage": 116424,
    "money_cost": 0.0986832,
    "row_count": 226,
    "model_name": "gemini-2.5-flash",
    "concurrent_llm_worker": 20,
    "precision": 0.03982300884955752,
    "recall": 1.0,
    "f1_score": 0.07659574468085106
  },
  "Q3": {
    "query_id": "3",
    "status": "success",
    "execution_time": 128.08731722831726,
    "token_usage": 29085516,
    "money_cost": 8.9459958,
    "row_count": 10,
    "model_name": "gemini-2.5-flash",
    "concurrent_llm_worker": 20,
    "precision": 1.0,
    "recall": 1.0,
    "f1_score": 1.0
  },
  "Q4": {
    "query_id": "4",
    "status": "success",
    "execution_time": 792.6878516674042,
    "token_usage": 34573172,
    "money_cost": 12.270875,
    "row_count": 1,
    "model_name": "gemini-2.5-flash",
    "concurrent_llm_worker": 20,
    "relative_error": 0.005842777115599909,
    "absolute_error": 0.07856090381847025,
    "mean_absolute_percentage_error": 0.584277711559991
  },
  "Q5": {
    "query_id": "5",
    "status": "success",
    "execution_time": 148.5125482082367,
    "token_usage": 46322091,
    "money_cost": 14.3113603,
    "row_count": 1,
    "model_name": "gemini-2.5-flash",
    "concurrent_llm_worker": 20,
    "relative_error": 0.7272727272727273,
    "absolute_error": 16.0,
    "mean_absolute_percentage_error": 72.72727272727273
  },
  "Q6": {
    "query_id": "6",
    "status": "success",
    "execution_time": 108.11978077888489,
    "token_usage": 50182129,
    "money_cost": 15.791854299999999,
    "row_count": 14910,
    "model_name": "gemini-2.5-flash",
    "concurrent_llm_worker": 20,
    "precision": 0.9545942320590208,
    "recall": 0.9633816163530526,
    "f1_score": 0.9589677940978305
  },
  "Q7": {
    "query_id": "7",
    "status": "success",
    "execution_time": 412.44903087615967,
    "token_usage": 76682878,
    "money_cost": 25.147170599999995,
    "row_count": 108618,
    "model_name": "gemini-2.5-flash",
    "concurrent_llm_worker": 20,
    "precision": 0.28418862435323794,
    "recall": 0.9701426865296373,
    "f1_score": 0.439602381155829
  },
  "Q8": {
    "query_id": "8",
    "status": "success",
    "execution_time": 57.04189205169678,
    "token_usage": 29183446,
    "money_cost": 8.9750206,
    "row_count": 100,
    "model_name": "gemini-2.5-flash",
    "concurrent_llm_worker": 20,
    "precision": 0.17,
    "recall": 0.17,
    "f1_score": 0.17
  },
  "Q9": {
    "query_id": "9",
    "status": "success",
    "execution_time": 36.49038648605347,
    "token_usage": 814870,
    "money_cost": 0.2715178,
    "row_count": 93,
    "model_name": "gemini-2.5-flash",
    "concurrent_llm_worker": 20,
    "precision": 0.021505376344086023,
    "recall": 1.0,
    "f1_score": 0.04210526315789474
  }
}