{
  "Q1": {
    "query_id": "1",
    "status": "success",
    "execution_time": 5.855823040008545,
    "token_usage": 99167,
    "money_cost": 0.0314001,
    "row_count": 7,
    "model_name": "gemini-2.5-flash",
    "concurrent_llm_worker": 20,
    "accuracy": 1.0,
    "metric_type": "f1-score",
    "precision": 1.0,
    "recall": 1.0,
    "f1_score": 1.0
  },
  "Q10": {
    "query_id": "10",
    "status": "success",
    "execution_time": 64.73151516914368,
    "token_usage": 490004,
    "money_cost": 0.1487832,
    "row_count": 1,
    "model_name": "gemini-2.5-flash",
    "concurrent_llm_worker": 20,
    "accuracy": 0.0,
    "metric_type": "f1-score",
    "precision": 0.0,
    "recall": 0.0,
    "f1_score": 0.0
  },
  "Q11": {
    "query_id": "11",
    "status": "success",
    "execution_time": 75.09954500198364,
    "token_usage": 535355,
    "money_cost": 0.16725269999999998,
    "row_count": 486,
    "model_name": "gemini-2.5-flash",
    "concurrent_llm_worker": 20,
    "accuracy": 0.5714285714285715,
    "metric_type": "f1-score",
    "precision": 0.6666666666666666,
    "recall": 0.5,
    "f1_score": 0.5714285714285715
  },
  "Q12": {
    "query_id": "12",
    "status": "success",
    "execution_time": 35.87835884094238,
    "token_usage": 246015,
    "money_cost": 0.0776633,
    "row_count": 43,
    "model_name": "gemini-2.5-flash",
    "concurrent_llm_worker": 20,
    "accuracy": 0.6265060240963854,
    "metric_type": "f1-score",
    "precision": 0.6046511627906976,
    "recall": 0.65,
    "f1_score": 0.6265060240963854
  },
  "Q13": {
    "query_id": "13",
    "status": "success",
    "execution_time": 115.5632209777832,
    "token_usage": 724865,
    "money_cost": 0.21910949999999996,
    "row_count": 7,
    "model_name": "gemini-2.5-flash",
    "concurrent_llm_worker": 20,
    "accuracy": 0.7368421052631579,
    "metric_type": "f1-score",
    "precision": 1.0,
    "recall": 0.5833333333333334,
    "f1_score": 0.7368421052631579
  },
  "Q14": {
    "query_id": "14",
    "status": "success",
    "execution_time": 128.46901559829712,
    "token_usage": 679560,
    "money_cost": 0.20564999999999997,
    "row_count": 2,
    "model_name": "gemini-2.5-flash",
    "concurrent_llm_worker": 20,
    "accuracy": 0.6666666666666666,
    "metric_type": "f1-score",
    "precision": 1.0,
    "recall": 0.5,
    "f1_score": 0.6666666666666666
  },
  "Q2": {
    "query_id": "2",
    "status": "success",
    "execution_time": 115.46316194534302,
    "token_usage": 618698,
    "money_cost": 0.1872594,
    "row_count": 6,
    "model_name": "gemini-2.5-flash",
    "concurrent_llm_worker": 20,
    "accuracy": 0.7272727272727272,
    "metric_type": "f1-score",
    "precision": 0.6666666666666666,
    "recall": 0.8,
    "f1_score": 0.7272727272727272
  },
  "Q3": {
    "query_id": "3",
    "status": "success",
    "execution_time": 11.4563570022583,
    "token_usage": 105857,
    "money_cost": 0.03877509999999999,
    "row_count": 250,
    "model_name": "gemini-2.5-flash",
    "concurrent_llm_worker": 20,
    "accuracy": 0.9509699080468896,
    "metric_type": "adjusted-rand-index"
  },
  "Q4": {
    "query_id": "4",
    "status": "success",
    "execution_time": 78.47543287277222,
    "token_usage": 412519,
    "money_cost": 0.1273087,
    "row_count": 164,
    "model_name": "gemini-2.5-flash",
    "concurrent_llm_worker": 20,
    "accuracy": 0.43790440897068583,
    "metric_type": "adjusted-rand-index"
  },
  "Q5": {
    "query_id": "5",
    "status": "success",
    "execution_time": 2.2865588665008545,
    "token_usage": 71237,
    "money_cost": 0.0219057,
    "row_count": 122,
    "model_name": "gemini-2.5-flash",
    "concurrent_llm_worker": 20,
    "accuracy": 0.962376529895699,
    "metric_type": "adjusted-rand-index"
  },
  "Q6": {
    "query_id": "6",
    "status": "success",
    "execution_time": 74.63505363464355,
    "token_usage": 365158,
    "money_cost": 0.11007979999999999,
    "row_count": 122,
    "model_name": "gemini-2.5-flash",
    "concurrent_llm_worker": 20,
    "accuracy": 0.8157765910122409,
    "metric_type": "adjusted-rand-index"
  },
  "Q7": {
    "query_id": "7",
    "status": "success",
    "execution_time": 73.82684588432312,
    "token_usage": 421342,
    "money_cost": 0.1312756,
    "row_count": 85,
    "model_name": "gemini-2.5-flash",
    "concurrent_llm_worker": 20,
    "accuracy": 0.5730337078651684,
    "metric_type": "f1-score",
    "precision": 0.6,
    "recall": 0.5483870967741935,
    "f1_score": 0.5730337078651684
  },
  "Q8": {
    "query_id": "8",
    "status": "success",
    "execution_time": 192.9579792022705,
    "token_usage": 2489542,
    "money_cost": 0.7534626,
    "row_count": 7,
    "model_name": "gemini-2.5-flash",
    "concurrent_llm_worker": 20,
    "accuracy": 0.36363636363636365,
    "metric_type": "f1-score",
    "precision": 0.2857142857142857,
    "recall": 0.5,
    "f1_score": 0.36363636363636365
  },
  "Q9": {
    "query_id": "9",
    "status": "success",
    "execution_time": 40.898921728134155,
    "token_usage": 227448,
    "money_cost": 0.0703728,
    "row_count": 36,
    "model_name": "gemini-2.5-flash",
    "concurrent_llm_worker": 20,
    "accuracy": 0.5,
    "metric_type": "f1-score",
    "precision": 0.3333333333333333,
    "recall": 1.0,
    "f1_score": 0.5
  }
}