{
  "Q1": {
    "query_id": "1",
    "status": "success",
    "execution_time": 2.070443868637085,
    "token_usage": 6680.0,
    "money_cost": 0.0027146,
    "row_count": 1,
    "model_name": "gemini-2.5-flash",
    "concurrent_llm_worker": 20,
    "precision": 1.0,
    "recall": 1.0,
    "f1_score": 1.0
  },
  "Q2a": {
    "query_id": "2a",
    "status": "success",
    "execution_time": 334.40620136260986,
    "token_usage": 6306006.0,
    "money_cost": 1.9261217999999791,
    "row_count": 6,
    "model_name": "gemini-2.5-flash",
    "concurrent_llm_worker": 20,
    "precision": 0.8333333333333334,
    "recall": 1.0,
    "f1_score": 0.9090909090909091
  },
  "Q2b": {
    "query_id": "2b",
    "status": "success",
    "execution_time": 227.29270815849304,
    "token_usage": 6314994.0,
    "money_cost": 1.9290558000000146,
    "row_count": 6,
    "model_name": "gemini-2.5-flash",
    "concurrent_llm_worker": 20,
    "precision": 0.8333333333333334,
    "recall": 1.0,
    "f1_score": 0.9090909090909091
  },
  "Q3a": {
    "query_id": "3a",
    "status": "success",
    "execution_time": 7.807798624038696,
    "token_usage": 132029.0,
    "money_cost": 0.04224869999999997,
    "row_count": 19,
    "model_name": "gemini-2.5-flash",
    "concurrent_llm_worker": 20,
    "precision": 0.631578947368421,
    "recall": 0.9230769230769231,
    "f1_score": 0.7499999999999999
  },
  "Q3f": {
    "query_id": "3f",
    "status": "success",
    "execution_time": 7.483649492263794,
    "token_usage": 132029.0,
    "money_cost": 0.04224869999999999,
    "row_count": 4,
    "model_name": "gemini-2.5-flash",
    "concurrent_llm_worker": 20,
    "precision": 0.75,
    "recall": 1.0,
    "f1_score": 0.8571428571428571
  },
  "Q4": {
    "query_id": "4",
    "status": "success",
    "execution_time": 1.3990464210510254,
    "token_usage": 12395.0,
    "money_cost": 0.004778899999999999,
    "row_count": 24,
    "model_name": "gemini-2.5-flash",
    "concurrent_llm_worker": 20,
    "precision": 0.5238095238095238,
    "recall": 0.5641025641025641,
    "f1_score": 0.5432098765432098
  },
  "Q5": {
    "query_id": "5",
    "status": "success",
    "execution_time": 1.3760032653808594,
    "token_usage": 4026.0,
    "money_cost": 0.001254,
    "row_count": 1,
    "model_name": "gemini-2.5-flash",
    "concurrent_llm_worker": 20,
    "precision": 1.0,
    "recall": 1.0,
    "f1_score": 1.0
  },
  "Q6a": {
    "query_id": "6a",
    "status": "success",
    "execution_time": 7.642683267593384,
    "token_usage": 96719.0,
    "money_cost": 0.031655699999999974,
    "row_count": 1,
    "model_name": "gemini-2.5-flash",
    "concurrent_llm_worker": 20,
    "precision": 1.0,
    "recall": 1.0,
    "f1_score": 1.0
  },
  "Q6b": {
    "query_id": "6b",
    "status": "success",
    "execution_time": 7.327006816864014,
    "token_usage": 96719.0,
    "money_cost": 0.031655699999999995,
    "row_count": 1,
    "model_name": "gemini-2.5-flash",
    "concurrent_llm_worker": 20,
    "precision": 1.0,
    "recall": 1.0,
    "f1_score": 1.0
  },
  "Q6c": {
    "query_id": "6c",
    "status": "success",
    "execution_time": 7.58600640296936,
    "token_usage": 96719.0,
    "money_cost": 0.03165570000000001,
    "row_count": 6,
    "model_name": "gemini-2.5-flash",
    "concurrent_llm_worker": 20,
    "precision": 0.8333333333333334,
    "recall": 1.0,
    "f1_score": 0.9090909090909091
  },
  "Q7": {
    "query_id": "7",
    "status": "success",
    "execution_time": 7368.061504602432,
    "token_usage": 191361600.0,
    "money_cost": 58.46448000000071,
    "row_count": 83,
    "model_name": "gemini-2.5-flash",
    "concurrent_llm_worker": 20,
    "precision": 0.13513513513513514,
    "recall": 1.0,
    "f1_score": 0.2380952380952381
  }
}