{
  "Q1": {
    "query_id": "1",
    "status": "success",
    "execution_time": 56.819026470184326,
    "token_usage": 4071016,
    "money_cost": 1.4388694,
    "row_count": 1621,
    "model_name": "gemini-2.5-flash",
    "concurrent_llm_worker": 20,
    "precision": 0.5626156693399136,
    "recall": 0.9589905362776026,
    "f1_score": 0.7091757387247278
  },
  "Q10": {
    "query_id": "10",
    "status": "success",
    "execution_time": 58.3204391002655,
    "token_usage": 8275287,
    "money_cost": 2.6997305,
    "row_count": 19657,
    "model_name": "gemini-2.5-flash",
    "concurrent_llm_worker": 20,
    "precision": 0.5822190258712907,
    "recall": 0.6361871455959163,
    "f1_score": 0.5718759776033374
  },
  "Q2": {
    "query_id": "2",
    "status": "success",
    "execution_time": 16.733706951141357,
    "token_usage": 14700,
    "money_cost": 0.012459999999999999,
    "row_count": 25,
    "model_name": "gemini-2.5-flash",
    "concurrent_llm_worker": 20,
    "precision": 0.04,
    "recall": 1.0,
    "f1_score": 0.07692307692307693
  },
  "Q3": {
    "query_id": "3",
    "status": "success",
    "execution_time": 39.444931983947754,
    "token_usage": 5523756,
    "money_cost": 1.6983768,
    "row_count": 10,
    "model_name": "gemini-2.5-flash",
    "concurrent_llm_worker": 20,
    "precision": 1.0,
    "recall": 1.0,
    "f1_score": 1.0
  },
  "Q4": {
    "query_id": "4",
    "status": "success",
    "execution_time": 58.71546721458435,
    "token_usage": 0,
    "money_cost": 0.0,
    "row_count": 1,
    "model_name": "gemini-2.5-flash",
    "concurrent_llm_worker": 20,
    "relative_error": 0.005057664530757644,
    "absolute_error": 0.06821175459299411,
    "mean_absolute_percentage_error": 0.5057664530757644
  },
  "Q5": {
    "query_id": "5",
    "status": "success",
    "execution_time": 52.54118990898132,
    "token_usage": 0,
    "money_cost": 0.0,
    "row_count": 1,
    "model_name": "gemini-2.5-flash",
    "concurrent_llm_worker": 20,
    "relative_error": 0.0,
    "absolute_error": 0.0,
    "mean_absolute_percentage_error": 0.0
  },
  "Q6": {
    "query_id": "6",
    "status": "success",
    "execution_time": 39.54337978363037,
    "token_usage": 0,
    "money_cost": 0.0,
    "row_count": 1908,
    "model_name": "gemini-2.5-flash",
    "concurrent_llm_worker": 20,
    "precision": 0.960167714884696,
    "recall": 0.9611752360965372,
    "f1_score": 0.9606712113266911
  },
  "Q7": {
    "query_id": "7",
    "status": "success",
    "execution_time": 70.795574426651,
    "token_usage": 0,
    "money_cost": 0.0,
    "row_count": 13558,
    "model_name": "gemini-2.5-flash",
    "concurrent_llm_worker": 20,
    "precision": 0.2890544328071987,
    "recall": 0.9714923153197819,
    "f1_score": 0.44554342883128695
  },
  "Q8": {
    "query_id": "8",
    "status": "success",
    "execution_time": 36.16985535621643,
    "token_usage": 0,
    "money_cost": 0.0,
    "row_count": 100,
    "model_name": "gemini-2.5-flash",
    "concurrent_llm_worker": 20,
    "precision": 0.25,
    "recall": 0.25,
    "f1_score": 0.25
  },
  "Q9": {
    "query_id": "9",
    "status": "success",
    "execution_time": 11.773796796798706,
    "token_usage": 0,
    "money_cost": 0.0,
    "row_count": 13,
    "model_name": "gemini-2.5-flash",
    "concurrent_llm_worker": 20,
    "precision": 0.0,
    "recall": 0.0,
    "f1_score": 0.0
  }
}