{
  "Q1": {
    "query_id": "1",
    "status": "success",
    "execution_time": 597.7896912097931,
    "money_cost": 2.6711751,
    "row_count": 1477,
    "model_name": "gemini-2.5-flash",
    "concurrent_llm_worker": 20,
    "precision": 0.6120514556533514,
    "recall": 0.9505783385909569,
    "f1_score": 0.7446457990115322
  },
  "Q10": {
    "query_id": "10",
    "status": "success",
    "execution_time": 538.8989825248718,
    "money_cost": 5.57481540000007,
    "row_count": 19657,
    "model_name": "gemini-2.5-flash",
    "concurrent_llm_worker": 20,
    "precision": 0.5218312620875731,
    "recall": 0.5492127954817447,
    "f1_score": 0.506620820002073
  },
  "Q2": {
    "query_id": "2",
    "status": "success",
    "execution_time": 121.29860830307007,
    "money_cost": 0.0044515,
    "row_count": 0,
    "model_name": "gemini-2.5-flash",
    "concurrent_llm_worker": 20,
    "precision": 0.0,
    "recall": 0.0,
    "f1_score": 0.0
  },
  "Q3": {
    "query_id": "3",
    "status": "success",
    "execution_time": 8.321832418441772,
    "money_cost": 0.007963199999999998,
    "row_count": 10,
    "model_name": "gemini-2.5-flash",
    "concurrent_llm_worker": 20,
    "precision": 0.9,
    "recall": 0.9,
    "f1_score": 0.9
  },
  "Q4": {
    "query_id": "4",
    "status": "success",
    "execution_time": 4306.079564809799,
    "money_cost": 2.641750799999995,
    "row_count": 1,
    "model_name": "gemini-2.5-flash",
    "concurrent_llm_worker": 20,
    "relative_error": 0.006352470968848451,
    "absolute_error": 0.08567456148011843,
    "mean_absolute_percentage_error": 0.635247096884845
  },
  "Q5": {
    "query_id": "5",
    "status": "success",
    "execution_time": 7.584895372390747,
    "money_cost": 0.010833699999999998,
    "row_count": 1,
    "model_name": "gemini-2.5-flash",
    "concurrent_llm_worker": 20,
    "relative_error": 0.0,
    "absolute_error": 0.0,
    "mean_absolute_percentage_error": 0.0
  },
  "Q6": {
    "query_id": "6",
    "status": "success",
    "execution_time": 331.40567803382874,
    "money_cost": 2.562263200000144,
    "row_count": 1937,
    "model_name": "gemini-2.5-flash",
    "concurrent_llm_worker": 20,
    "precision": 0.9576664945792462,
    "recall": 0.9732423924449108,
    "f1_score": 0.9653916211293261
  },
  "Q7": {
    "query_id": "7",
    "status": "success",
    "execution_time": 666.6397106647491,
    "money_cost": 4.704141200000156,
    "row_count": 8801,
    "model_name": "gemini-2.5-flash",
    "concurrent_llm_worker": 20,
    "precision": 0.4093852971253267,
    "recall": 0.8931581556767476,
    "f1_score": 0.5614335800545384
  },
  "Q8": {
    "query_id": "8",
    "status": "success",
    "execution_time": 201.22435998916626,
    "money_cost": 2.0282039999998904,
    "row_count": 100,
    "model_name": "gemini-2.5-flash",
    "concurrent_llm_worker": 20,
    "precision": 0.25,
    "recall": 0.25,
    "f1_score": 0.25
  },
  "Q9": {
    "query_id": "9",
    "status": "success",
    "execution_time": 216.29315090179443,
    "money_cost": 2.0537269999998897,
    "row_count": 7,
    "model_name": "gemini-2.5-flash",
    "concurrent_llm_worker": 20,
    "precision": 0.0,
    "recall": 0.0,
    "f1_score": 0.0
  }
}