{
  "Q1": {
    "query_id": "1",
    "status": "success",
    "execution_time": 22.746549367904663,
    "token_usage": 103365,
    "money_cost": 0.0364985,
    "row_count": 5,
    "model_name": "gemini-2.5-flash",
    "concurrent_llm_worker": 20,
    "accuracy": 0.5,
    "metric_type": "f1-score",
    "precision": 0.6,
    "recall": 0.42857142857142855,
    "f1_score": 0.5
  },
  "Q10": {
    "query_id": "10",
    "status": "success",
    "execution_time": 68.52068257331848,
    "token_usage": 4723364,
    "money_cost": 1.447939,
    "row_count": 31,
    "model_name": "gemini-2.5-flash",
    "concurrent_llm_worker": 20,
    "accuracy": 0.05128205128205128,
    "metric_type": "f1-score",
    "precision": 0.03225806451612903,
    "recall": 0.125,
    "f1_score": 0.05128205128205128
  },
  "Q11": {
    "query_id": "11",
    "status": "success",
    "execution_time": 94.56385111808777,
    "token_usage": 6109961,
    "money_cost": 1.8734088999999998,
    "row_count": 54,
    "model_name": "gemini-2.5-flash",
    "concurrent_llm_worker": 20,
    "accuracy": 0.5,
    "metric_type": "f1-score",
    "precision": 0.3333333333333333,
    "recall": 1.0,
    "f1_score": 0.5
  },
  "Q12": {
    "query_id": "12",
    "status": "success",
    "execution_time": 24.49280333518982,
    "token_usage": 304308,
    "money_cost": 0.0989528,
    "row_count": 63,
    "model_name": "gemini-2.5-flash",
    "concurrent_llm_worker": 20,
    "accuracy": 0.9090909090909091,
    "metric_type": "f1-score",
    "precision": 0.873015873015873,
    "recall": 0.9482758620689655,
    "f1_score": 0.9090909090909091
  },
  "Q13": {
    "query_id": "13",
    "status": "success",
    "execution_time": 20.538399934768677,
    "token_usage": 1258070,
    "money_cost": 0.38293639999999995,
    "row_count": 12,
    "model_name": "gemini-2.5-flash",
    "concurrent_llm_worker": 20,
    "accuracy": 0.6666666666666666,
    "metric_type": "f1-score",
    "precision": 0.6666666666666666,
    "recall": 0.6666666666666666,
    "f1_score": 0.6666666666666666
  },
  "Q14": {
    "query_id": "14",
    "status": "success",
    "execution_time": 27.37883687019348,
    "token_usage": 1217973,
    "money_cost": 0.37181149999999996,
    "row_count": 2,
    "model_name": "gemini-2.5-flash",
    "concurrent_llm_worker": 20,
    "accuracy": 1.0,
    "metric_type": "f1-score",
    "precision": 1.0,
    "recall": 1.0,
    "f1_score": 1.0
  },
  "Q2": {
    "query_id": "2",
    "status": "success",
    "execution_time": 17.8203022480011,
    "token_usage": 1114096,
    "money_cost": 0.33972879999999994,
    "row_count": 8,
    "model_name": "gemini-2.5-flash",
    "concurrent_llm_worker": 20,
    "accuracy": 0.6153846153846154,
    "metric_type": "f1-score",
    "precision": 0.5,
    "recall": 0.8,
    "f1_score": 0.6153846153846154
  },
  "Q3": {
    "query_id": "3",
    "status": "success",
    "execution_time": 17.53822112083435,
    "token_usage": 106054,
    "money_cost": 0.0344386,
    "row_count": 500,
    "model_name": "gemini-2.5-flash",
    "concurrent_llm_worker": 20,
    "accuracy": 0.9472801914703706,
    "metric_type": "adjusted-rand-index"
  },
  "Q4": {
    "query_id": "4",
    "status": "success",
    "execution_time": 16.127501010894775,
    "token_usage": 679347,
    "money_cost": 0.2044839,
    "row_count": 294,
    "model_name": "gemini-2.5-flash",
    "concurrent_llm_worker": 20,
    "accuracy": 0.7173156151476485,
    "metric_type": "adjusted-rand-index"
  },
  "Q5": {
    "query_id": "5",
    "status": "success",
    "execution_time": 13.167353391647339,
    "token_usage": 95012,
    "money_cost": 0.030505599999999997,
    "row_count": 228,
    "model_name": "gemini-2.5-flash",
    "concurrent_llm_worker": 20,
    "accuracy": 0.9834218113056721,
    "metric_type": "adjusted-rand-index"
  },
  "Q6": {
    "query_id": "6",
    "status": "success",
    "execution_time": 16.565464735031128,
    "token_usage": 621106,
    "money_cost": 0.1883338,
    "row_count": 228,
    "model_name": "gemini-2.5-flash",
    "concurrent_llm_worker": 20,
    "accuracy": 0.9794175205819398,
    "metric_type": "adjusted-rand-index"
  },
  "Q7": {
    "query_id": "7",
    "status": "success",
    "execution_time": 44.586865186691284,
    "token_usage": 2889125,
    "money_cost": 0.9548629,
    "row_count": 235,
    "model_name": "gemini-2.5-flash",
    "concurrent_llm_worker": 20,
    "accuracy": 0.8480392156862745,
    "metric_type": "f1-score",
    "precision": 0.7361702127659574,
    "recall": 1.0,
    "f1_score": 0.8480392156862745
  },
  "Q8": {
    "query_id": "8",
    "status": "success",
    "execution_time": 18.782292366027832,
    "token_usage": 1565596,
    "money_cost": 0.47517879999999996,
    "row_count": 1,
    "model_name": "gemini-2.5-flash",
    "concurrent_llm_worker": 20,
    "accuracy": 1.0,
    "metric_type": "f1-score",
    "precision": 1.0,
    "recall": 1.0,
    "f1_score": 1.0
  },
  "Q9": {
    "query_id": "9",
    "status": "success",
    "execution_time": 21.295318365097046,
    "token_usage": 482160,
    "money_cost": 0.153272,
    "row_count": 95,
    "model_name": "gemini-2.5-flash",
    "concurrent_llm_worker": 20,
    "accuracy": 0.6865671641791045,
    "metric_type": "f1-score",
    "precision": 0.5227272727272727,
    "recall": 1.0,
    "f1_score": 0.6865671641791045
  }
}