{
  "Q1": {
    "query_id": "1",
    "status": "success",
    "execution_time": 57.568400382995605,
    "token_usage": 4071016,
    "money_cost": 1.4388694,
    "row_count": 1621,
    "model_name": "gemini-2.5-flash",
    "concurrent_llm_worker": 20,
    "precision": 0.5626156693399136,
    "recall": 0.9589905362776026,
    "f1_score": 0.7091757387247278
  },
  "Q10": {
    "query_id": "10",
    "status": "success",
    "execution_time": 56.96214580535889,
    "token_usage": 8275287,
    "money_cost": 2.6997305,
    "row_count": 19657,
    "model_name": "gemini-2.5-flash",
    "concurrent_llm_worker": 20,
    "precision": 0.5822190258712907,
    "recall": 0.6361871455959163,
    "f1_score": 0.5718759776033374
  },
  "Q2": {
    "query_id": "2",
    "status": "success",
    "execution_time": 14.92823076248169,
    "token_usage": 14700,
    "money_cost": 0.012459999999999999,
    "row_count": 25,
    "model_name": "gemini-2.5-flash",
    "concurrent_llm_worker": 20,
    "precision": 0.04,
    "recall": 1.0,
    "f1_score": 0.07692307692307693
  },
  "Q3": {
    "query_id": "3",
    "status": "success",
    "execution_time": 35.704034090042114,
    "token_usage": 5392630,
    "money_cost": 1.6580952,
    "row_count": 10,
    "model_name": "gemini-2.5-flash",
    "concurrent_llm_worker": 20,
    "precision": 1.0,
    "recall": 1.0,
    "f1_score": 1.0
  },
  "Q4": {
    "query_id": "4",
    "status": "success",
    "execution_time": 60.147939682006836,
    "token_usage": 0,
    "money_cost": 0.0,
    "row_count": 1,
    "model_name": "gemini-2.5-flash",
    "concurrent_llm_worker": 20,
    "relative_error": 0.005057664530774371,
    "absolute_error": 0.06821175459321971,
    "mean_absolute_percentage_error": 0.5057664530774372
  },
  "Q5": {
    "query_id": "5",
    "status": "success",
    "execution_time": 49.84215831756592,
    "token_usage": 0,
    "money_cost": 0.0,
    "row_count": 1,
    "model_name": "gemini-2.5-flash",
    "concurrent_llm_worker": 20,
    "relative_error": 0.0,
    "absolute_error": 0.0,
    "mean_absolute_percentage_error": 0.0
  },
  "Q6": {
    "query_id": "6",
    "status": "success",
    "execution_time": 45.04142141342163,
    "token_usage": 0,
    "money_cost": 0.0,
    "row_count": 1908,
    "model_name": "gemini-2.5-flash",
    "concurrent_llm_worker": 20,
    "precision": 0.960167714884696,
    "recall": 0.9611752360965372,
    "f1_score": 0.9606712113266911
  },
  "Q7": {
    "query_id": "7",
    "status": "success",
    "execution_time": 69.60003328323364,
    "token_usage": 0,
    "money_cost": 0.0,
    "row_count": 13558,
    "model_name": "gemini-2.5-flash",
    "concurrent_llm_worker": 20,
    "precision": 0.2890544328071987,
    "recall": 0.9714923153197819,
    "f1_score": 0.44554342883128695
  },
  "Q8": {
    "query_id": "8",
    "status": "success",
    "execution_time": 37.02141451835632,
    "token_usage": 0,
    "money_cost": 0.0,
    "row_count": 100,
    "model_name": "gemini-2.5-flash",
    "concurrent_llm_worker": 20,
    "precision": 0.17,
    "recall": 0.17,
    "f1_score": 0.17
  },
  "Q9": {
    "query_id": "9",
    "status": "success",
    "execution_time": 12.17090368270874,
    "token_usage": 0,
    "money_cost": 0.0,
    "row_count": 13,
    "model_name": "gemini-2.5-flash",
    "concurrent_llm_worker": 20,
    "precision": 0.0,
    "recall": 0.0,
    "f1_score": 0.0
  }
}