{
  "Q1": {
    "query_id": "1",
    "status": "success",
    "execution_time": 840.9797809123993,
    "token_usage": 4422485,
    "money_cost": 1.369991,
    "row_count": 1272,
    "model_name": "gemini-2.5-flash",
    "concurrent_llm_worker": 20,
    "precision": 0.7083333333333334,
    "recall": 0.9474237644584648,
    "f1_score": 0.8106162843004949
  },
  "Q2": {
    "query_id": "2",
    "status": "success",
    "execution_time": 15.975265502929688,
    "token_usage": 17150,
    "money_cost": 0.011655,
    "row_count": 22,
    "model_name": "gemini-2.5-flash",
    "concurrent_llm_worker": 20,
    "precision": 0.045454545454545456,
    "recall": 1.0,
    "f1_score": 0.08695652173913045
  },
  "Q3": {
    "query_id": "3",
    "status": "success",
    "execution_time": 6.2041802406311035,
    "token_usage": 84048,
    "money_cost": 0.025346,
    "row_count": 12,
    "model_name": "gemini-2.5-flash",
    "concurrent_llm_worker": 20,
    "error": "'vin'"
  },
  "Q4": {
    "query_id": "4",
    "status": "success",
    "execution_time": 762.6707947254181,
    "token_usage": 4324200,
    "money_cost": 1.340505,
    "row_count": 1,
    "model_name": "gemini-2.5-flash",
    "concurrent_llm_worker": 20,
    "relative_error": 0.004641157245833909,
    "absolute_error": 0.062594400469834,
    "mean_absolute_percentage_error": 0.4641157245833909
  },
  "Q5": {
    "query_id": "5",
    "status": "success",
    "execution_time": 486.56140542030334,
    "token_usage": 5325165,
    "money_cost": 1.611892,
    "row_count": 1,
    "model_name": "gemini-2.5-flash",
    "concurrent_llm_worker": 20,
    "relative_error": 0.0,
    "absolute_error": 0.0,
    "mean_absolute_percentage_error": 0.0
  },
  "Q6": {
    "query_id": "6",
    "status": "success",
    "execution_time": 812.2282979488373,
    "token_usage": 6463817,
    "money_cost": 1.962124,
    "row_count": 1920,
    "model_name": "gemini-2.5-flash",
    "concurrent_llm_worker": 20,
    "precision": 0.9625,
    "recall": 0.9695697796432319,
    "f1_score": 0.9660219550444328
  },
  "Q7": {
    "query_id": "7",
    "status": "success",
    "execution_time": 2142.2665009498596,
    "token_usage": 9996259,
    "money_cost": 3.056916,
    "row_count": 7800,
    "model_name": "gemini-2.5-flash",
    "concurrent_llm_worker": 20,
    "precision": 0.43935897435897436,
    "recall": 0.8495290034705008,
    "f1_score": 0.5791786378232212
  },
  "Q8": {
    "query_id": "8",
    "status": "success",
    "execution_time": 55.93822193145752,
    "token_usage": 698152,
    "money_cost": 0.210458,
    "row_count": 105,
    "model_name": "gemini-2.5-flash",
    "concurrent_llm_worker": 20,
    "precision": 0.2,
    "recall": 0.21,
    "f1_score": 0.2048780487804878
  },
  "Q9": {
    "query_id": "9",
    "status": "success",
    "execution_time": 344.54521203041077,
    "token_usage": 5343904,
    "money_cost": 1.611135,
    "row_count": 0,
    "model_name": "gemini-2.5-flash",
    "concurrent_llm_worker": 20,
    "precision": 1.0,
    "recall": 1.0,
    "f1_score": 1.0
  }
}