{
  "Q1": {
    "query_id": "1",
    "status": "success",
    "execution_time": 433.116868019104,
    "money_cost": 2.671441499999982,
    "row_count": 1477,
    "model_name": "gemini-2.5-flash",
    "concurrent_llm_worker": 20,
    "precision": 0.6120514556533514,
    "recall": 0.9505783385909569,
    "f1_score": 0.7446457990115322
  },
  "Q10": {
    "query_id": "10",
    "status": "success",
    "execution_time": 490.6166696548462,
    "money_cost": 5.57507340000003,
    "row_count": 19657,
    "model_name": "gemini-2.5-flash",
    "concurrent_llm_worker": 20,
    "precision": 0.5419039609328856,
    "recall": 0.5703599172260966,
    "f1_score": 0.5261211385593639
  },
  "Q2": {
    "query_id": "2",
    "status": "success",
    "execution_time": 4.101711988449097,
    "money_cost": 0.0044515,
    "row_count": 0,
    "model_name": "gemini-2.5-flash",
    "concurrent_llm_worker": 20,
    "precision": 0.0,
    "recall": 0.0,
    "f1_score": 0.0
  },
  "Q3": {
    "query_id": "3",
    "status": "success",
    "execution_time": 6.2146899700164795,
    "money_cost": 0.009586799999999998,
    "row_count": 10,
    "model_name": "gemini-2.5-flash",
    "concurrent_llm_worker": 20,
    "precision": 0.9,
    "recall": 0.9,
    "f1_score": 0.9
  },
  "Q4": {
    "query_id": "4",
    "status": "success",
    "execution_time": 434.433979511261,
    "money_cost": 2.6419560000000004,
    "row_count": 1,
    "model_name": "gemini-2.5-flash",
    "concurrent_llm_worker": 20,
    "relative_error": 0.006420400620609432,
    "absolute_error": 0.08659071570650667,
    "mean_absolute_percentage_error": 0.6420400620609432
  },
  "Q5": {
    "query_id": "5",
    "status": "success",
    "execution_time": 6.890938997268677,
    "money_cost": 0.010833699999999998,
    "row_count": 1,
    "model_name": "gemini-2.5-flash",
    "concurrent_llm_worker": 20,
    "relative_error": 0.0,
    "absolute_error": 0.0,
    "mean_absolute_percentage_error": 0.0
  },
  "Q6": {
    "query_id": "6",
    "status": "success",
    "execution_time": 394.65176367759705,
    "money_cost": 2.5622632000001477,
    "row_count": 1937,
    "model_name": "gemini-2.5-flash",
    "concurrent_llm_worker": 20,
    "precision": 0.9576664945792462,
    "recall": 0.9732423924449108,
    "f1_score": 0.9653916211293261
  },
  "Q7": {
    "query_id": "7",
    "status": "success",
    "execution_time": 5533.556216478348,
    "money_cost": 4.698960800000153,
    "row_count": 8800,
    "model_name": "gemini-2.5-flash",
    "concurrent_llm_worker": 20,
    "precision": 0.4093181818181818,
    "recall": 0.8929102627664849,
    "f1_score": 0.561321489792738
  },
  "Q8": {
    "query_id": "8",
    "status": "success",
    "execution_time": 234.82028031349182,
    "money_cost": 2.028203999999894,
    "row_count": 100,
    "model_name": "gemini-2.5-flash",
    "concurrent_llm_worker": 20,
    "precision": 0.25,
    "recall": 0.25,
    "f1_score": 0.25
  },
  "Q9": {
    "query_id": "9",
    "status": "success",
    "execution_time": 225.20229697227478,
    "money_cost": 2.0537269999998893,
    "row_count": 7,
    "model_name": "gemini-2.5-flash",
    "concurrent_llm_worker": 20,
    "precision": 0.0,
    "recall": 0.0,
    "f1_score": 0.0
  }
}