{
  "Q1": {
    "query_id": "1",
    "status": "success",
    "execution_time": 35.12186121940613,
    "token_usage": 444840,
    "money_cost": 0.155397,
    "row_count": 11,
    "model_name": "gemini-2.5-flash",
    "concurrent_llm_worker": 20,
    "accuracy": 0.33333333333333326,
    "metric_type": "f1-score",
    "precision": 0.2727272727272727,
    "recall": 0.42857142857142855,
    "f1_score": 0.33333333333333326
  },
  "Q10": {
    "query_id": "10",
    "status": "success",
    "execution_time": 149.62479543685913,
    "token_usage": 27752914,
    "money_cost": 8.5428756,
    "row_count": 52,
    "model_name": "gemini-2.5-flash",
    "concurrent_llm_worker": 20,
    "accuracy": 0.08823529411764705,
    "metric_type": "f1-score",
    "precision": 0.057692307692307696,
    "recall": 0.1875,
    "f1_score": 0.08823529411764705
  },
  "Q11": {
    "query_id": "11",
    "status": "success",
    "execution_time": 638.8111510276794,
    "token_usage": 82646279,
    "money_cost": 25.5779857,
    "row_count": 432,
    "model_name": "gemini-2.5-flash",
    "concurrent_llm_worker": 20,
    "accuracy": 0.7549019607843137,
    "metric_type": "f1-score",
    "precision": 0.7129629629629629,
    "recall": 0.8020833333333334,
    "f1_score": 0.7549019607843137
  },
  "Q12": {
    "query_id": "12",
    "status": "success",
    "execution_time": 52.15023493766785,
    "token_usage": 1048174,
    "money_cost": 0.3431974,
    "row_count": 208,
    "model_name": "gemini-2.5-flash",
    "concurrent_llm_worker": 20,
    "accuracy": 0.9466019417475728,
    "metric_type": "f1-score",
    "precision": 0.9375,
    "recall": 0.9558823529411765,
    "f1_score": 0.9466019417475728
  },
  "Q13": {
    "query_id": "13",
    "status": "success",
    "execution_time": 40.80505919456482,
    "token_usage": 5007537,
    "money_cost": 1.5242589,
    "row_count": 15,
    "model_name": "gemini-2.5-flash",
    "concurrent_llm_worker": 20,
    "accuracy": 0.5925925925925926,
    "metric_type": "f1-score",
    "precision": 0.5333333333333333,
    "recall": 0.6666666666666666,
    "f1_score": 0.5925925925925926
  },
  "Q14": {
    "query_id": "14",
    "status": "success",
    "execution_time": 62.0889208316803,
    "token_usage": 5143199,
    "money_cost": 1.5686931,
    "row_count": 2,
    "model_name": "gemini-2.5-flash",
    "concurrent_llm_worker": 20,
    "accuracy": 0.0,
    "metric_type": "f1-score",
    "precision": 0.0,
    "recall": 0.0,
    "f1_score": 0.0
  },
  "Q2": {
    "query_id": "2",
    "status": "success",
    "execution_time": 44.6835458278656,
    "token_usage": 4401688,
    "money_cost": 1.3425063999999998,
    "row_count": 11,
    "model_name": "gemini-2.5-flash",
    "concurrent_llm_worker": 20,
    "accuracy": 0.5000000000000001,
    "metric_type": "f1-score",
    "precision": 0.36363636363636365,
    "recall": 0.8,
    "f1_score": 0.5000000000000001
  },
  "Q3": {
    "query_id": "3",
    "status": "success",
    "execution_time": 29.46390438079834,
    "token_usage": 455580,
    "money_cost": 0.147135,
    "row_count": 2000,
    "model_name": "gemini-2.5-flash",
    "concurrent_llm_worker": 20,
    "accuracy": 0.9604037978457227,
    "metric_type": "adjusted-rand-index"
  },
  "Q4": {
    "query_id": "4",
    "status": "success",
    "execution_time": 27.101399898529053,
    "token_usage": 2665322,
    "money_cost": 0.8023333999999999,
    "row_count": 1178,
    "model_name": "gemini-2.5-flash",
    "concurrent_llm_worker": 20,
    "accuracy": 0.659795202730874,
    "metric_type": "adjusted-rand-index"
  },
  "Q5": {
    "query_id": "5",
    "status": "success",
    "execution_time": 23.260413885116577,
    "token_usage": 435274,
    "money_cost": 0.1391314,
    "row_count": 980,
    "model_name": "gemini-2.5-flash",
    "concurrent_llm_worker": 20,
    "accuracy": 0.974656982608636,
    "metric_type": "adjusted-rand-index"
  },
  "Q6": {
    "query_id": "6",
    "status": "success",
    "execution_time": 29.900065660476685,
    "token_usage": 2722158,
    "money_cost": 0.8252229999999999,
    "row_count": 980,
    "model_name": "gemini-2.5-flash",
    "concurrent_llm_worker": 20,
    "accuracy": 0.9125911482878551,
    "metric_type": "adjusted-rand-index"
  },
  "Q7": {
    "query_id": "7",
    "status": "success",
    "execution_time": 388.44943356513977,
    "token_usage": 64318615,
    "money_cost": 21.0860523,
    "row_count": 2603,
    "model_name": "gemini-2.5-flash",
    "concurrent_llm_worker": 20,
    "accuracy": 0.8185502026114364,
    "metric_type": "f1-score",
    "precision": 0.69842489435267,
    "recall": 0.9885807504078303,
    "f1_score": 0.8185502026114364
  },
  "Q8": {
    "query_id": "8",
    "status": "success",
    "execution_time": 342.68497014045715,
    "token_usage": 132385508,
    "money_cost": 40.068752399999994,
    "row_count": 234,
    "model_name": "gemini-2.5-flash",
    "concurrent_llm_worker": 20,
    "accuracy": 0.11814345991561181,
    "metric_type": "f1-score",
    "precision": 0.06334841628959276,
    "recall": 0.875,
    "f1_score": 0.11814345991561181
  },
  "Q9": {
    "query_id": "9",
    "status": "success",
    "execution_time": 52.839775800704956,
    "token_usage": 3277359,
    "money_cost": 1.0418794999999998,
    "row_count": 411,
    "model_name": "gemini-2.5-flash",
    "concurrent_llm_worker": 20,
    "accuracy": 0.4703703703703704,
    "metric_type": "f1-score",
    "precision": 0.3175,
    "recall": 0.9071428571428571,
    "f1_score": 0.4703703703703704
  }
}