{
  "Q1": {
    "query_id": "1",
    "status": "success",
    "execution_time": 57.04999828338623,
    "token_usage": 766950,
    "money_cost": 0.24328499999999997,
    "row_count": 7,
    "model_name": "gemini-2.5-flash",
    "concurrent_llm_worker": 20,
    "accuracy": 1.0,
    "metric_type": "f1-score",
    "precision": 1.0,
    "recall": 1.0,
    "f1_score": 1.0
  },
  "Q10": {
    "query_id": "10",
    "status": "success",
    "execution_time": 714.9046394824982,
    "token_usage": 7031374,
    "money_cost": 2.1790751999999998,
    "row_count": 57,
    "model_name": "gemini-2.5-flash",
    "concurrent_llm_worker": 20,
    "accuracy": 0.0,
    "metric_type": "f1-score",
    "precision": 0.0,
    "recall": 0.0,
    "f1_score": 0.0
  },
  "Q11": {
    "query_id": "11",
    "status": "success",
    "execution_time": 1479.215970993042,
    "token_usage": 10242299,
    "money_cost": 3.1828305,
    "row_count": 8113,
    "model_name": "gemini-2.5-flash",
    "concurrent_llm_worker": 20,
    "accuracy": 0.606845513413506,
    "metric_type": "f1-score",
    "precision": 0.47058823529411764,
    "recall": 0.8541666666666666,
    "f1_score": 0.606845513413506
  },
  "Q12": {
    "query_id": "12",
    "status": "success",
    "execution_time": 376.33814334869385,
    "token_usage": 1389484,
    "money_cost": 0.4401805999999999,
    "row_count": 209,
    "model_name": "gemini-2.5-flash",
    "concurrent_llm_worker": 20,
    "accuracy": 0.5278450363196124,
    "metric_type": "f1-score",
    "precision": 0.5215311004784688,
    "recall": 0.5343137254901961,
    "f1_score": 0.5278450363196124
  },
  "Q13": {
    "query_id": "13",
    "status": "success",
    "execution_time": 2853.7652628421783,
    "token_usage": 5356638,
    "money_cost": 1.6201914,
    "row_count": 10,
    "model_name": "gemini-2.5-flash",
    "concurrent_llm_worker": 20,
    "accuracy": 0.6363636363636365,
    "metric_type": "f1-score",
    "precision": 0.7,
    "recall": 0.5833333333333334,
    "f1_score": 0.6363636363636365
  },
  "Q14": {
    "query_id": "14",
    "status": "success",
    "execution_time": 3003.030004501343,
    "token_usage": 5098916,
    "money_cost": 1.5442938,
    "row_count": 3,
    "model_name": "gemini-2.5-flash",
    "concurrent_llm_worker": 20,
    "accuracy": 0.5,
    "metric_type": "f1-score",
    "precision": 0.5,
    "recall": 0.5,
    "f1_score": 0.5
  },
  "Q2": {
    "query_id": "2",
    "status": "success",
    "execution_time": 2952.5057282447815,
    "token_usage": 4533688,
    "money_cost": 1.3733064,
    "row_count": 13,
    "model_name": "gemini-2.5-flash",
    "concurrent_llm_worker": 20,
    "accuracy": 0.4444444444444444,
    "metric_type": "f1-score",
    "precision": 0.3076923076923077,
    "recall": 0.8,
    "f1_score": 0.4444444444444444
  },
  "Q3": {
    "query_id": "3",
    "status": "success",
    "execution_time": 39.34924292564392,
    "token_usage": 820245,
    "money_cost": 0.3017225,
    "row_count": 2000,
    "model_name": "gemini-2.5-flash",
    "concurrent_llm_worker": 20,
    "accuracy": 0.9524266609720882,
    "metric_type": "adjusted-rand-index"
  },
  "Q4": {
    "query_id": "4",
    "status": "success",
    "execution_time": 1103.5888340473175,
    "token_usage": 2791836,
    "money_cost": 0.8931492,
    "row_count": 1178,
    "model_name": "gemini-2.5-flash",
    "concurrent_llm_worker": 20,
    "accuracy": 0.432951424324792,
    "metric_type": "adjusted-rand-index"
  },
  "Q5": {
    "query_id": "5",
    "status": "success",
    "execution_time": 23.579735279083252,
    "token_usage": 589327,
    "money_cost": 0.1810705,
    "row_count": 980,
    "model_name": "gemini-2.5-flash",
    "concurrent_llm_worker": 20,
    "accuracy": 0.977907829336635,
    "metric_type": "adjusted-rand-index"
  },
  "Q6": {
    "query_id": "6",
    "status": "success",
    "execution_time": 1098.9696378707886,
    "token_usage": 2799581,
    "money_cost": 0.8441445,
    "row_count": 980,
    "model_name": "gemini-2.5-flash",
    "concurrent_llm_worker": 20,
    "accuracy": 0.8983733487358332,
    "metric_type": "adjusted-rand-index"
  },
  "Q7": {
    "query_id": "7",
    "status": "success",
    "execution_time": 2040.327646970749,
    "token_usage": 37053492,
    "money_cost": 11.4720318,
    "row_count": 1316,
    "model_name": "gemini-2.5-flash",
    "concurrent_llm_worker": 20,
    "accuracy": 0.2744849445324882,
    "metric_type": "f1-score",
    "precision": 0.3290273556231003,
    "recall": 0.23545405111473627,
    "f1_score": 0.2744849445324882
  },
  "Q8": {
    "query_id": "8",
    "status": "success",
    "execution_time": 5626.502423524857,
    "token_usage": 73047008,
    "money_cost": 22.1253024,
    "row_count": 224,
    "model_name": "gemini-2.5-flash",
    "concurrent_llm_worker": 20,
    "accuracy": 0.10833333333333332,
    "metric_type": "f1-score",
    "precision": 0.05803571428571429,
    "recall": 0.8125,
    "f1_score": 0.10833333333333332
  },
  "Q9": {
    "query_id": "9",
    "status": "success",
    "execution_time": 468.24404525756836,
    "token_usage": 3740958,
    "money_cost": 1.1574588,
    "row_count": 466,
    "model_name": "gemini-2.5-flash",
    "concurrent_llm_worker": 20,
    "accuracy": 0.43564356435643564,
    "metric_type": "f1-score",
    "precision": 0.2832618025751073,
    "recall": 0.9428571428571428,
    "f1_score": 0.43564356435643564
  }
}