{
  "Q1": {
    "query_id": "1",
    "status": "success",
    "execution_time": 29.283272743225098,
    "token_usage": 210858,
    "money_cost": 0.0742552,
    "row_count": 6,
    "model_name": "gemini-2.5-flash",
    "concurrent_llm_worker": 20,
    "accuracy": 0.4615384615384615,
    "metric_type": "f1-score",
    "precision": 0.5,
    "recall": 0.42857142857142855,
    "f1_score": 0.4615384615384615
  },
  "Q10": {
    "query_id": "10",
    "status": "success",
    "execution_time": 103.90085959434509,
    "token_usage": 11359383,
    "money_cost": 3.4874835,
    "row_count": 9,
    "model_name": "gemini-2.5-flash",
    "concurrent_llm_worker": 20,
    "accuracy": 0.0,
    "metric_type": "f1-score",
    "precision": 0.0,
    "recall": 0.0,
    "f1_score": 0.0
  },
  "Q11": {
    "query_id": "11",
    "status": "success",
    "execution_time": 181.1905176639557,
    "token_usage": 18635368,
    "money_cost": 5.741691,
    "row_count": 351,
    "model_name": "gemini-2.5-flash",
    "concurrent_llm_worker": 20,
    "accuracy": 0.5303867403314918,
    "metric_type": "f1-score",
    "precision": 0.41025641025641024,
    "recall": 0.75,
    "f1_score": 0.5303867403314918
  },
  "Q12": {
    "query_id": "12",
    "status": "success",
    "execution_time": 57.320812702178955,
    "token_usage": 552690,
    "money_cost": 0.180393,
    "row_count": 108,
    "model_name": "gemini-2.5-flash",
    "concurrent_llm_worker": 20,
    "accuracy": 0.9345794392523364,
    "metric_type": "f1-score",
    "precision": 0.9259259259259259,
    "recall": 0.9433962264150944,
    "f1_score": 0.9345794392523364
  },
  "Q13": {
    "query_id": "13",
    "status": "success",
    "execution_time": 35.11265826225281,
    "token_usage": 2571195,
    "money_cost": 0.7823827,
    "row_count": 15,
    "model_name": "gemini-2.5-flash",
    "concurrent_llm_worker": 20,
    "accuracy": 0.5925925925925926,
    "metric_type": "f1-score",
    "precision": 0.5333333333333333,
    "recall": 0.6666666666666666,
    "f1_score": 0.5925925925925926
  },
  "Q14": {
    "query_id": "14",
    "status": "success",
    "execution_time": 60.88042902946472,
    "token_usage": 2687202,
    "money_cost": 0.8194332,
    "row_count": 4,
    "model_name": "gemini-2.5-flash",
    "concurrent_llm_worker": 20,
    "accuracy": 0.5714285714285715,
    "metric_type": "f1-score",
    "precision": 0.5,
    "recall": 0.6666666666666666,
    "f1_score": 0.5714285714285715
  },
  "Q2": {
    "query_id": "2",
    "status": "success",
    "execution_time": 45.201884746551514,
    "token_usage": 2276409,
    "money_cost": 0.6939116999999999,
    "row_count": 9,
    "model_name": "gemini-2.5-flash",
    "concurrent_llm_worker": 20,
    "accuracy": 0.5714285714285714,
    "metric_type": "f1-score",
    "precision": 0.4444444444444444,
    "recall": 0.8,
    "f1_score": 0.5714285714285714
  },
  "Q3": {
    "query_id": "3",
    "status": "success",
    "execution_time": 25.96195650100708,
    "token_usage": 216299,
    "money_cost": 0.0702753,
    "row_count": 999,
    "model_name": "gemini-2.5-flash",
    "concurrent_llm_worker": 20,
    "accuracy": 0.9768863687355994,
    "metric_type": "adjusted-rand-index"
  },
  "Q4": {
    "query_id": "4",
    "status": "success",
    "execution_time": 43.20689082145691,
    "token_usage": 1416287,
    "money_cost": 0.42629629999999996,
    "row_count": 602,
    "model_name": "gemini-2.5-flash",
    "concurrent_llm_worker": 20,
    "accuracy": 0.6795099972612741,
    "metric_type": "adjusted-rand-index"
  },
  "Q5": {
    "query_id": "5",
    "status": "success",
    "execution_time": 30.636433601379395,
    "token_usage": 197306,
    "money_cost": 0.063275,
    "row_count": 467,
    "model_name": "gemini-2.5-flash",
    "concurrent_llm_worker": 20,
    "accuracy": 0.9526947828080021,
    "metric_type": "adjusted-rand-index"
  },
  "Q6": {
    "query_id": "6",
    "status": "success",
    "execution_time": 34.37746000289917,
    "token_usage": 1332927,
    "money_cost": 0.4039525,
    "row_count": 467,
    "model_name": "gemini-2.5-flash",
    "concurrent_llm_worker": 20,
    "accuracy": 0.9256400861427817,
    "metric_type": "adjusted-rand-index"
  },
  "Q7": {
    "query_id": "7",
    "status": "success",
    "execution_time": 173.83130741119385,
    "token_usage": 15421440,
    "money_cost": 5.0620584,
    "row_count": 898,
    "model_name": "gemini-2.5-flash",
    "concurrent_llm_worker": 20,
    "accuracy": 0.8165137614678899,
    "metric_type": "f1-score",
    "precision": 0.6937639198218263,
    "recall": 0.9920382165605095,
    "f1_score": 0.8165137614678899
  },
  "Q8": {
    "query_id": "8",
    "status": "success",
    "execution_time": 69.97957420349121,
    "token_usage": 27474040,
    "money_cost": 8.330212,
    "row_count": 12,
    "model_name": "gemini-2.5-flash",
    "concurrent_llm_worker": 20,
    "accuracy": 0.8,
    "metric_type": "f1-score",
    "precision": 0.6666666666666666,
    "recall": 1.0,
    "f1_score": 0.8
  },
  "Q9": {
    "query_id": "9",
    "status": "success",
    "execution_time": 34.92321252822876,
    "token_usage": 1245375,
    "money_cost": 0.3958875,
    "row_count": 125,
    "model_name": "gemini-2.5-flash",
    "concurrent_llm_worker": 20,
    "accuracy": 0.6666666666666666,
    "metric_type": "f1-score",
    "precision": 0.5398230088495575,
    "recall": 0.8714285714285714,
    "f1_score": 0.6666666666666666
  }
}