{
  "Q1": {
    "query_id": "1",
    "status": "success",
    "execution_time": 14.059964418411255,
    "token_usage": 59107,
    "money_cost": 0.0204909,
    "row_count": 2,
    "model_name": "gemini-2.5-flash",
    "concurrent_llm_worker": 20,
    "accuracy": 0.4444444444444445,
    "metric_type": "f1-score",
    "precision": 1.0,
    "recall": 0.2857142857142857,
    "f1_score": 0.4444444444444445
  },
  "Q10": {
    "query_id": "10",
    "status": "success",
    "execution_time": 38.88839673995972,
    "token_usage": 1936059,
    "money_cost": 0.5902755,
    "row_count": 1,
    "model_name": "gemini-2.5-flash",
    "concurrent_llm_worker": 20,
    "accuracy": 0.0,
    "metric_type": "f1-score",
    "precision": 0.0,
    "recall": 0.0,
    "f1_score": 0.0
  },
  "Q11": {
    "query_id": "11",
    "status": "success",
    "execution_time": 52.02342367172241,
    "token_usage": 2537949,
    "money_cost": 0.7741865,
    "row_count": 48,
    "model_name": "gemini-2.5-flash",
    "concurrent_llm_worker": 20,
    "accuracy": 0.5333333333333333,
    "metric_type": "f1-score",
    "precision": 0.6666666666666666,
    "recall": 0.4444444444444444,
    "f1_score": 0.5333333333333333
  },
  "Q12": {
    "query_id": "12",
    "status": "success",
    "execution_time": 20.145632028579712,
    "token_usage": 200226,
    "money_cost": 0.0643842,
    "row_count": 43,
    "model_name": "gemini-2.5-flash",
    "concurrent_llm_worker": 20,
    "accuracy": 0.9397590361445783,
    "metric_type": "f1-score",
    "precision": 0.9069767441860465,
    "recall": 0.975,
    "f1_score": 0.9397590361445783
  },
  "Q13": {
    "query_id": "13",
    "status": "success",
    "execution_time": 20.668140411376953,
    "token_usage": 682301,
    "money_cost": 0.20744029999999997,
    "row_count": 10,
    "model_name": "gemini-2.5-flash",
    "concurrent_llm_worker": 20,
    "accuracy": 0.7272727272727272,
    "metric_type": "f1-score",
    "precision": 0.8,
    "recall": 0.6666666666666666,
    "f1_score": 0.7272727272727272
  },
  "Q14": {
    "query_id": "14",
    "status": "success",
    "execution_time": 30.25243830680847,
    "token_usage": 679985,
    "money_cost": 0.2074671,
    "row_count": 2,
    "model_name": "gemini-2.5-flash",
    "concurrent_llm_worker": 20,
    "accuracy": 1.0,
    "metric_type": "f1-score",
    "precision": 1.0,
    "recall": 1.0,
    "f1_score": 1.0
  },
  "Q2": {
    "query_id": "2",
    "status": "success",
    "execution_time": 16.719610452651978,
    "token_usage": 602198,
    "money_cost": 0.18340939999999997,
    "row_count": 5,
    "model_name": "gemini-2.5-flash",
    "concurrent_llm_worker": 20,
    "accuracy": 0.8000000000000002,
    "metric_type": "f1-score",
    "precision": 0.8,
    "recall": 0.8,
    "f1_score": 0.8000000000000002
  },
  "Q3": {
    "query_id": "3",
    "status": "success",
    "execution_time": 14.238008737564087,
    "token_usage": 60463,
    "money_cost": 0.0194809,
    "row_count": 250,
    "model_name": "gemini-2.5-flash",
    "concurrent_llm_worker": 20,
    "accuracy": 0.9758626582173388,
    "metric_type": "adjusted-rand-index"
  },
  "Q4": {
    "query_id": "4",
    "status": "success",
    "execution_time": 16.712541341781616,
    "token_usage": 396809,
    "money_cost": 0.1194233,
    "row_count": 164,
    "model_name": "gemini-2.5-flash",
    "concurrent_llm_worker": 20,
    "accuracy": 0.6871973488797315,
    "metric_type": "adjusted-rand-index"
  },
  "Q5": {
    "query_id": "5",
    "status": "success",
    "execution_time": 13.208329916000366,
    "token_usage": 55926,
    "money_cost": 0.017307999999999997,
    "row_count": 122,
    "model_name": "gemini-2.5-flash",
    "concurrent_llm_worker": 20,
    "accuracy": 0.8986171889642809,
    "metric_type": "adjusted-rand-index"
  },
  "Q6": {
    "query_id": "6",
    "status": "success",
    "execution_time": 21.26255512237549,
    "token_usage": 359302,
    "money_cost": 0.10832299999999999,
    "row_count": 122,
    "model_name": "gemini-2.5-flash",
    "concurrent_llm_worker": 20,
    "accuracy": 0.8535686417759196,
    "metric_type": "adjusted-rand-index"
  },
  "Q7": {
    "query_id": "7",
    "status": "success",
    "execution_time": 43.62676024436951,
    "token_usage": 669595,
    "money_cost": 0.2197831,
    "row_count": 98,
    "model_name": "gemini-2.5-flash",
    "concurrent_llm_worker": 20,
    "accuracy": 0.9738219895287958,
    "metric_type": "f1-score",
    "precision": 0.9489795918367347,
    "recall": 1.0,
    "f1_score": 0.9738219895287958
  },
  "Q8": {
    "query_id": "8",
    "status": "success",
    "execution_time": 32.33919811248779,
    "token_usage": 3500550,
    "money_cost": 1.0611826,
    "row_count": 4,
    "model_name": "gemini-2.5-flash",
    "concurrent_llm_worker": 20,
    "accuracy": 1.0,
    "metric_type": "f1-score",
    "precision": 1.0,
    "recall": 1.0,
    "f1_score": 1.0
  },
  "Q9": {
    "query_id": "9",
    "status": "success",
    "execution_time": 19.750774383544922,
    "token_usage": 198034,
    "money_cost": 0.062961,
    "row_count": 43,
    "model_name": "gemini-2.5-flash",
    "concurrent_llm_worker": 20,
    "accuracy": 0.3846153846153846,
    "metric_type": "f1-score",
    "precision": 0.25,
    "recall": 0.8333333333333334,
    "f1_score": 0.3846153846153846
  }
}