{
  "Q1": {
    "query_id": "1",
    "status": "success",
    "execution_time": 388.37030029296875,
    "token_usage": 16259200,
    "money_cost": 5.748552999999999,
    "row_count": 6556,
    "model_name": "gemini-2.5-flash",
    "concurrent_llm_worker": 20,
    "precision": 0.5581147040878585,
    "recall": 0.956101384896786,
    "f1_score": 0.704805932774728
  },
  "Q10": {
    "query_id": "10",
    "status": "success",
    "execution_time": 1594.4275119304657,
    "token_usage": 84183641,
    "money_cost": 27.4668579,
    "row_count": 78635,
    "model_name": "gemini-2.5-flash",
    "concurrent_llm_worker": 20,
    "precision": 0.5872153110356474,
    "recall": 0.6402519248854979,
    "f1_score": 0.5735709608124928
  },
  "Q2": {
    "query_id": "2",
    "status": "success",
    "execution_time": 31.844193696975708,
    "token_usage": 56700,
    "money_cost": 0.04806,
    "row_count": 102,
    "model_name": "gemini-2.5-flash",
    "concurrent_llm_worker": 20,
    "precision": 0.0392156862745098,
    "recall": 1.0,
    "f1_score": 0.07547169811320754
  },
  "Q3": {
    "query_id": "3",
    "status": "success",
    "execution_time": 69.02263116836548,
    "token_usage": 21973252,
    "money_cost": 6.7579546,
    "row_count": 10,
    "model_name": "gemini-2.5-flash",
    "concurrent_llm_worker": 20,
    "precision": 1.0,
    "recall": 1.0,
    "f1_score": 1.0
  },
  "Q4": {
    "query_id": "4",
    "status": "success",
    "execution_time": 892.0862376689911,
    "token_usage": 18375398,
    "money_cost": 6.5227582,
    "row_count": 1,
    "model_name": "gemini-2.5-flash",
    "concurrent_llm_worker": 20,
    "relative_error": 0.0055323729834977865,
    "absolute_error": 0.07457901440398018,
    "mean_absolute_percentage_error": 0.5532372983497786
  },
  "Q5": {
    "query_id": "5",
    "status": "success",
    "execution_time": 141.00562810897827,
    "token_usage": 23411210,
    "money_cost": 7.2313656,
    "row_count": 1,
    "model_name": "gemini-2.5-flash",
    "concurrent_llm_worker": 20,
    "relative_error": 0.6153846153846154,
    "absolute_error": 8.0,
    "mean_absolute_percentage_error": 61.53846153846154
  },
  "Q6": {
    "query_id": "6",
    "status": "success",
    "execution_time": 177.6069791316986,
    "token_usage": 27677279,
    "money_cost": 8.704894099999999,
    "row_count": 7522,
    "model_name": "gemini-2.5-flash",
    "concurrent_llm_worker": 20,
    "precision": 0.955995745812284,
    "recall": 0.9657534246575342,
    "f1_score": 0.9608498129342598
  },
  "Q7": {
    "query_id": "7",
    "status": "success",
    "execution_time": 479.9378786087036,
    "token_usage": 43610575,
    "money_cost": 14.230781899999998,
    "row_count": 54086,
    "model_name": "gemini-2.5-flash",
    "concurrent_llm_worker": 20,
    "precision": 0.28646969640942205,
    "recall": 0.9697083489798473,
    "f1_score": 0.4422813427723225
  },
  "Q8": {
    "query_id": "8",
    "status": "success",
    "execution_time": 77.7913908958435,
    "token_usage": 21447230,
    "money_cost": 6.5952596,
    "row_count": 100,
    "model_name": "gemini-2.5-flash",
    "concurrent_llm_worker": 20,
    "precision": 0.19,
    "recall": 0.19,
    "f1_score": 0.19
  },
  "Q9": {
    "query_id": "9",
    "status": "success",
    "execution_time": 44.81628608703613,
    "token_usage": 391415,
    "money_cost": 0.1303505,
    "row_count": 52,
    "model_name": "gemini-2.5-flash",
    "concurrent_llm_worker": 20,
    "precision": 0.019230769230769232,
    "recall": 1.0,
    "f1_score": 0.03773584905660378
  }
}