{
  "Q1": {
    "query_id": "1",
    "status": "success",
    "execution_time": 319.65939235687256,
    "token_usage": 32544823,
    "money_cost": 11.5046875,
    "row_count": 13132,
    "model_name": "gemini-2.5-flash",
    "concurrent_llm_worker": 20,
    "precision": 0.5588638440450807,
    "recall": 0.9575939457202505,
    "f1_score": 0.7058088093864204
  },
  "Q10": {
    "query_id": "10",
    "status": "success",
    "execution_time": 300.0717577934265,
    "token_usage": 66182686,
    "money_cost": 21.595327,
    "row_count": 157269,
    "model_name": "gemini-2.5-flash",
    "concurrent_llm_worker": 20,
    "precision": 0.5854973966554746,
    "recall": 0.63695345710071,
    "f1_score": 0.5718702628663163
  },
  "Q2": {
    "query_id": "2",
    "status": "success",
    "execution_time": 26.843231439590454,
    "token_usage": 116424,
    "money_cost": 0.0986832,
    "row_count": 226,
    "model_name": "gemini-2.5-flash",
    "concurrent_llm_worker": 20,
    "precision": 0.03982300884955752,
    "recall": 1.0,
    "f1_score": 0.07659574468085106
  },
  "Q3": {
    "query_id": "3",
    "status": "success",
    "execution_time": 58.23754096031189,
    "token_usage": 28175726,
    "money_cost": 8.666221199999999,
    "row_count": 10,
    "model_name": "gemini-2.5-flash",
    "concurrent_llm_worker": 20,
    "precision": 0.9,
    "recall": 0.9,
    "f1_score": 0.9
  },
  "Q4": {
    "query_id": "4",
    "status": "success",
    "execution_time": 320.93963623046875,
    "token_usage": 31760099,
    "money_cost": 11.2728365,
    "row_count": 1,
    "model_name": "gemini-2.5-flash",
    "concurrent_llm_worker": 20,
    "relative_error": 0.005842777115599909,
    "absolute_error": 0.07856090381847025,
    "mean_absolute_percentage_error": 0.584277711559991
  },
  "Q5": {
    "query_id": "5",
    "status": "success",
    "execution_time": 158.14235925674438,
    "token_usage": 46270066,
    "money_cost": 14.295376599999999,
    "row_count": 1,
    "model_name": "gemini-2.5-flash",
    "concurrent_llm_worker": 20,
    "relative_error": 0.7272727272727273,
    "absolute_error": 16.0,
    "mean_absolute_percentage_error": 72.72727272727273
  },
  "Q6": {
    "query_id": "6",
    "status": "success",
    "execution_time": 132.60242295265198,
    "token_usage": 50185518,
    "money_cost": 15.793057999999998,
    "row_count": 14910,
    "model_name": "gemini-2.5-flash",
    "concurrent_llm_worker": 20,
    "precision": 0.9545942320590208,
    "recall": 0.9633816163530526,
    "f1_score": 0.9589677940978305
  },
  "Q7": {
    "query_id": "7",
    "status": "success",
    "execution_time": 367.82807993888855,
    "token_usage": 76682682,
    "money_cost": 25.1471008,
    "row_count": 108618,
    "model_name": "gemini-2.5-flash",
    "concurrent_llm_worker": 20,
    "precision": 0.28418862435323794,
    "recall": 0.9701426865296373,
    "f1_score": 0.439602381155829
  },
  "Q8": {
    "query_id": "8",
    "status": "success",
    "execution_time": 56.47631764411926,
    "token_usage": 29182092,
    "money_cost": 8.974592399999999,
    "row_count": 100,
    "model_name": "gemini-2.5-flash",
    "concurrent_llm_worker": 20,
    "precision": 0.21,
    "recall": 0.21,
    "f1_score": 0.20999999999999996
  },
  "Q9": {
    "query_id": "9",
    "status": "success",
    "execution_time": 27.93747091293335,
    "token_usage": 768963,
    "money_cost": 0.2563197,
    "row_count": 93,
    "model_name": "gemini-2.5-flash",
    "concurrent_llm_worker": 20,
    "precision": 0.021505376344086023,
    "recall": 1.0,
    "f1_score": 0.04210526315789474
  }
}