{
  "Q1": {
    "query_id": "1",
    "status": "success",
    "execution_time": 574.3969497680664,
    "token_usage": 32544823,
    "money_cost": 11.5046875,
    "row_count": 13132,
    "model_name": "gemini-2.5-flash",
    "concurrent_llm_worker": 20,
    "precision": 0.5588638440450807,
    "recall": 0.9575939457202505,
    "f1_score": 0.7058088093864204
  },
  "Q10": {
    "query_id": "10",
    "status": "success",
    "execution_time": 434.8597903251648,
    "token_usage": 66182686,
    "money_cost": 21.595327,
    "row_count": 157269,
    "model_name": "gemini-2.5-flash",
    "concurrent_llm_worker": 20,
    "precision": 0.5854973966554746,
    "recall": 0.63695345710071,
    "f1_score": 0.5718702628663163
  },
  "Q2": {
    "query_id": "2",
    "status": "success",
    "execution_time": 28.811992168426514,
    "token_usage": 116424,
    "money_cost": 0.0986832,
    "row_count": 216,
    "model_name": "gemini-2.5-flash",
    "concurrent_llm_worker": 20,
    "precision": 0.041666666666666664,
    "recall": 1.0,
    "f1_score": 0.07999999999999999
  },
  "Q3": {
    "query_id": "3",
    "status": "success",
    "execution_time": 61.15117073059082,
    "token_usage": 29088668,
    "money_cost": 8.9469634,
    "row_count": 10,
    "model_name": "gemini-2.5-flash",
    "concurrent_llm_worker": 20,
    "precision": 1.0,
    "recall": 1.0,
    "f1_score": 1.0
  },
  "Q4": {
    "query_id": "4",
    "status": "success",
    "execution_time": 593.6293869018555,
    "token_usage": 31760099,
    "money_cost": 11.2728365,
    "row_count": 1,
    "model_name": "gemini-2.5-flash",
    "concurrent_llm_worker": 20,
    "relative_error": 0.005842777115599909,
    "absolute_error": 0.07856090381847025,
    "mean_absolute_percentage_error": 0.584277711559991
  },
  "Q5": {
    "query_id": "5",
    "status": "success",
    "execution_time": 215.73270845413208,
    "token_usage": 52081578,
    "money_cost": 16.0828302,
    "row_count": 1,
    "model_name": "gemini-2.5-flash",
    "concurrent_llm_worker": 20,
    "relative_error": 0.7272727272727273,
    "absolute_error": 16.0,
    "mean_absolute_percentage_error": 72.72727272727273
  },
  "Q6": {
    "query_id": "6",
    "status": "success",
    "execution_time": 201.87206268310547,
    "token_usage": 50182133,
    "money_cost": 15.791864299999999,
    "row_count": 14913,
    "model_name": "gemini-2.5-flash",
    "concurrent_llm_worker": 20,
    "precision": 0.9545363106014886,
    "recall": 0.9635169893055368,
    "f1_score": 0.9590056253579007
  },
  "Q7": {
    "query_id": "7",
    "status": "success",
    "execution_time": 530.5444986820221,
    "token_usage": 77389878,
    "money_cost": 25.396978599999997,
    "row_count": 108617,
    "model_name": "gemini-2.5-flash",
    "concurrent_llm_worker": 20,
    "precision": 0.2841912407818297,
    "recall": 0.9701426865296373,
    "f1_score": 0.43960551144657667
  },
  "Q8": {
    "query_id": "8",
    "status": "success",
    "execution_time": 63.93380665779114,
    "token_usage": 29181770,
    "money_cost": 8.9744738,
    "row_count": 100,
    "model_name": "gemini-2.5-flash",
    "concurrent_llm_worker": 20,
    "precision": 0.23,
    "recall": 0.23,
    "f1_score": 0.23
  },
  "Q9": {
    "query_id": "9",
    "status": "success",
    "execution_time": 24.044078826904297,
    "token_usage": 768959,
    "money_cost": 0.2563097,
    "row_count": 98,
    "model_name": "gemini-2.5-flash",
    "concurrent_llm_worker": 20,
    "precision": 0.02040816326530612,
    "recall": 1.0,
    "f1_score": 0.039999999999999994
  }
}