{
  "Q1": {
    "query_id": "1",
    "status": "success",
    "execution_time": 50.77879095077515,
    "token_usage": 444884,
    "money_cost": 0.155507,
    "row_count": 9,
    "model_name": "gemini-2.5-flash",
    "concurrent_llm_worker": 20,
    "accuracy": 0.375,
    "metric_type": "f1-score",
    "precision": 0.3333333333333333,
    "recall": 0.42857142857142855,
    "f1_score": 0.375
  },
  "Q10": {
    "query_id": "10",
    "status": "success",
    "execution_time": 215.66497135162354,
    "token_usage": 27645572,
    "money_cost": 8.5091462,
    "row_count": 59,
    "model_name": "gemini-2.5-flash",
    "concurrent_llm_worker": 20,
    "accuracy": 0.10666666666666667,
    "metric_type": "f1-score",
    "precision": 0.06779661016949153,
    "recall": 0.25,
    "f1_score": 0.10666666666666667
  },
  "Q11": {
    "query_id": "11",
    "status": "success",
    "execution_time": 483.6834342479706,
    "token_usage": 70441571,
    "money_cost": 21.784274099999998,
    "row_count": 432,
    "model_name": "gemini-2.5-flash",
    "concurrent_llm_worker": 20,
    "accuracy": 0.7549019607843137,
    "metric_type": "f1-score",
    "precision": 0.7129629629629629,
    "recall": 0.8020833333333334,
    "f1_score": 0.7549019607843137
  },
  "Q12": {
    "query_id": "12",
    "status": "success",
    "execution_time": 93.49691200256348,
    "token_usage": 1048308,
    "money_cost": 0.34353239999999996,
    "row_count": 208,
    "model_name": "gemini-2.5-flash",
    "concurrent_llm_worker": 20,
    "accuracy": 0.9514563106796117,
    "metric_type": "f1-score",
    "precision": 0.9423076923076923,
    "recall": 0.9607843137254902,
    "f1_score": 0.9514563106796117
  },
  "Q13": {
    "query_id": "13",
    "status": "success",
    "execution_time": 41.33131957054138,
    "token_usage": 5007545,
    "money_cost": 1.5242788999999999,
    "row_count": 17,
    "model_name": "gemini-2.5-flash",
    "concurrent_llm_worker": 20,
    "accuracy": 0.6206896551724139,
    "metric_type": "f1-score",
    "precision": 0.5294117647058824,
    "recall": 0.75,
    "f1_score": 0.6206896551724139
  },
  "Q14": {
    "query_id": "14",
    "status": "success",
    "execution_time": 68.37392616271973,
    "token_usage": 5157902,
    "money_cost": 1.5729544,
    "row_count": 2,
    "model_name": "gemini-2.5-flash",
    "concurrent_llm_worker": 20,
    "accuracy": 0.0,
    "metric_type": "f1-score",
    "precision": 0.0,
    "recall": 0.0,
    "f1_score": 0.0
  },
  "Q2": {
    "query_id": "2",
    "status": "success",
    "execution_time": 34.20227789878845,
    "token_usage": 4401688,
    "money_cost": 1.3425063999999998,
    "row_count": 10,
    "model_name": "gemini-2.5-flash",
    "concurrent_llm_worker": 20,
    "accuracy": 0.5333333333333333,
    "metric_type": "f1-score",
    "precision": 0.4,
    "recall": 0.8,
    "f1_score": 0.5333333333333333
  },
  "Q3": {
    "query_id": "3",
    "status": "success",
    "execution_time": 29.39779543876648,
    "token_usage": 455585,
    "money_cost": 0.1471475,
    "row_count": 2000,
    "model_name": "gemini-2.5-flash",
    "concurrent_llm_worker": 20,
    "accuracy": 0.9650337377700952,
    "metric_type": "adjusted-rand-index"
  },
  "Q4": {
    "query_id": "4",
    "status": "success",
    "execution_time": 38.108914852142334,
    "token_usage": 2665314,
    "money_cost": 0.8023134,
    "row_count": 1178,
    "model_name": "gemini-2.5-flash",
    "concurrent_llm_worker": 20,
    "accuracy": 0.6649393285707682,
    "metric_type": "adjusted-rand-index"
  },
  "Q5": {
    "query_id": "5",
    "status": "success",
    "execution_time": 23.164896965026855,
    "token_usage": 465530,
    "money_cost": 0.1439138,
    "row_count": 980,
    "model_name": "gemini-2.5-flash",
    "concurrent_llm_worker": 20,
    "accuracy": 0.9816466897286774,
    "metric_type": "adjusted-rand-index"
  },
  "Q6": {
    "query_id": "6",
    "status": "success",
    "execution_time": 85.38148403167725,
    "token_usage": 2752518,
    "money_cost": 0.8299749999999999,
    "row_count": 980,
    "model_name": "gemini-2.5-flash",
    "concurrent_llm_worker": 20,
    "accuracy": 0.8644098815849411,
    "metric_type": "adjusted-rand-index"
  },
  "Q7": {
    "query_id": "7",
    "status": "success",
    "execution_time": 1227.5021178722382,
    "token_usage": 67453537,
    "money_cost": 22.1535327,
    "row_count": 2599,
    "model_name": "gemini-2.5-flash",
    "concurrent_llm_worker": 20,
    "accuracy": 0.8188373141054529,
    "metric_type": "f1-score",
    "precision": 0.6991150442477876,
    "recall": 0.988036976617727,
    "f1_score": 0.8188373141054529
  },
  "Q8": {
    "query_id": "8",
    "status": "success",
    "execution_time": 695.3877696990967,
    "token_usage": 132385812,
    "money_cost": 40.069512399999994,
    "row_count": 227,
    "model_name": "gemini-2.5-flash",
    "concurrent_llm_worker": 20,
    "accuracy": 0.11403508771929824,
    "metric_type": "f1-score",
    "precision": 0.06132075471698113,
    "recall": 0.8125,
    "f1_score": 0.11403508771929824
  },
  "Q9": {
    "query_id": "9",
    "status": "success",
    "execution_time": 76.57816457748413,
    "token_usage": 3277367,
    "money_cost": 1.0418995,
    "row_count": 465,
    "model_name": "gemini-2.5-flash",
    "concurrent_llm_worker": 20,
    "accuracy": 0.4463087248322148,
    "metric_type": "f1-score",
    "precision": 0.2916666666666667,
    "recall": 0.95,
    "f1_score": 0.4463087248322148
  }
}