{
  "Q1": {
    "query_id": "1",
    "status": "success",
    "execution_time": 2.104346752166748,
    "token_usage": 3570.0,
    "money_cost": 0.00117,
    "row_count": 5,
    "model_name": "gemini-2.5-flash",
    "concurrent_llm_worker": 20,
    "precision": 1.0,
    "recall": 1.0,
    "f1_score": 1.0
  },
  "Q10": {
    "query_id": "10",
    "status": "success",
    "execution_time": 42.417179584503174,
    "token_usage": 1000211.0,
    "money_cost": 0.3792633000000001,
    "row_count": 105,
    "model_name": "gemini-2.5-flash",
    "concurrent_llm_worker": 20,
    "spearman_correlation": 0.418522146210688,
    "kendall_tau": 0.288772556667613
  },
  "Q2": {
    "query_id": "2",
    "status": "success",
    "execution_time": 44.41267108917236,
    "token_usage": 20678.0,
    "money_cost": 0.006790799999999997,
    "row_count": 5,
    "model_name": "gemini-2.5-flash",
    "concurrent_llm_worker": 20,
    "precision": 1.0,
    "recall": 1.0,
    "f1_score": 1.0
  },
  "Q3": {
    "query_id": "3",
    "status": "success",
    "execution_time": 6.018866539001465,
    "token_usage": 27990.0,
    "money_cost": 0.009188999999999996,
    "row_count": 1,
    "model_name": "gemini-2.5-flash",
    "concurrent_llm_worker": 20,
    "relative_error": 0.5714285714285714,
    "absolute_error": 8.0,
    "mean_absolute_percentage_error": 57.14285714285714
  },
  "Q4": {
    "query_id": "4",
    "status": "success",
    "execution_time": 6.035264015197754,
    "token_usage": 46830.0,
    "money_cost": 0.018800999999999995,
    "row_count": 1,
    "model_name": "gemini-2.5-flash",
    "concurrent_llm_worker": 20,
    "relative_error": 0.3571428656578064,
    "absolute_error": 0.04166666716337204,
    "mean_absolute_percentage_error": 35.71428656578064
  },
  "Q5": {
    "query_id": "5",
    "status": "success",
    "execution_time": 2.8170013427734375,
    "token_usage": 37940.0,
    "money_cost": 0.012041999999999992,
    "row_count": 10,
    "model_name": "gemini-2.5-flash",
    "concurrent_llm_worker": 20,
    "precision": 0.2222222222222222,
    "recall": 0.2,
    "f1_score": 0.2105263157894737
  },
  "Q6": {
    "query_id": "6",
    "status": "success",
    "execution_time": 2.8545830249786377,
    "token_usage": 37840.0,
    "money_cost": 0.012012000000000004,
    "row_count": 10,
    "model_name": "gemini-2.5-flash",
    "concurrent_llm_worker": 20,
    "precision": 0.875,
    "recall": 0.7,
    "f1_score": 0.7777777777777777
  },
  "Q7": {
    "query_id": "7",
    "status": "success",
    "execution_time": 1706.9785659313202,
    "token_usage": 24582144.0,
    "money_cost": 7.80718079999968,
    "row_count": 12324,
    "model_name": "gemini-2.5-flash",
    "concurrent_llm_worker": 20,
    "precision": 0.8103837471783296,
    "recall": 0.43866080156402737,
    "f1_score": 0.5692088156017124
  },
  "Q8": {
    "query_id": "8",
    "status": "success",
    "execution_time": 6.128931999206543,
    "token_usage": 46230.0,
    "money_cost": 0.018621,
    "row_count": 2,
    "model_name": "gemini-2.5-flash",
    "concurrent_llm_worker": 20,
    "relative_error": 0.16172506738544473,
    "absolute_error": 8.0,
    "mean_absolute_percentage_error": 16.172506738544474
  },
  "Q9": {
    "query_id": "9",
    "status": "success",
    "execution_time": 5.881807088851929,
    "token_usage": 131852.0,
    "money_cost": 0.04969319999999999,
    "row_count": 256,
    "model_name": "gemini-2.5-flash",
    "concurrent_llm_worker": 20,
    "spearman_correlation": 0.7861907000421336,
    "kendall_tau": 0.6957127141505507
  }
}