{
  "Q1": {
    "query_id": "1",
    "status": "success",
    "execution_time": 2.2030727863311768,
    "token_usage": 3695.0,
    "money_cost": 0.0012141000000000003,
    "row_count": 5,
    "model_name": "gemini-2.5-flash",
    "concurrent_llm_worker": 20,
    "precision": 1.0,
    "recall": 1.0,
    "f1_score": 1.0
  },
  "Q10": {
    "query_id": "10",
    "status": "success",
    "execution_time": 25.589978456497192,
    "token_usage": 502094.0,
    "money_cost": 0.19022820000000001,
    "row_count": 77,
    "model_name": "gemini-2.5-flash",
    "concurrent_llm_worker": 20,
    "spearman_correlation": 0.41438433295481686,
    "kendall_tau": 0.2844604078914536
  },
  "Q2": {
    "query_id": "2",
    "status": "success",
    "execution_time": 36.60029077529907,
    "token_usage": 27750.0,
    "money_cost": 0.0091104,
    "row_count": 5,
    "model_name": "gemini-2.5-flash",
    "concurrent_llm_worker": 20,
    "precision": 1.0,
    "recall": 1.0,
    "f1_score": 1.0
  },
  "Q3": {
    "query_id": "3",
    "status": "success",
    "execution_time": 5.518893718719482,
    "token_usage": 27990.0,
    "money_cost": 0.009188999999999996,
    "row_count": 1,
    "model_name": "gemini-2.5-flash",
    "concurrent_llm_worker": 20,
    "relative_error": 0.5714285714285714,
    "absolute_error": 8.0,
    "mean_absolute_percentage_error": 57.14285714285714
  },
  "Q4": {
    "query_id": "4",
    "status": "success",
    "execution_time": 5.9858057498931885,
    "token_usage": 46830.0,
    "money_cost": 0.018801,
    "row_count": 1,
    "model_name": "gemini-2.5-flash",
    "concurrent_llm_worker": 20,
    "relative_error": 0.2857142984867096,
    "absolute_error": 0.03333333383003874,
    "mean_absolute_percentage_error": 28.57142984867096
  },
  "Q5": {
    "query_id": "5",
    "status": "success",
    "execution_time": 4.17974066734314,
    "token_usage": 35820.0,
    "money_cost": 0.011405999999999996,
    "row_count": 10,
    "model_name": "gemini-2.5-flash",
    "concurrent_llm_worker": 20,
    "precision": 0.2222222222222222,
    "recall": 0.2,
    "f1_score": 0.2105263157894737
  },
  "Q6": {
    "query_id": "6",
    "status": "success",
    "execution_time": 4.194967031478882,
    "token_usage": 35720.0,
    "money_cost": 0.011375999999999999,
    "row_count": 10,
    "model_name": "gemini-2.5-flash",
    "concurrent_llm_worker": 20,
    "precision": 0.625,
    "recall": 0.5,
    "f1_score": 0.5555555555555556
  },
  "Q7": {
    "query_id": "7",
    "status": "success",
    "execution_time": 1662.9792220592499,
    "token_usage": 24582144.0,
    "money_cost": 7.807180799999755,
    "row_count": 11866,
    "model_name": "gemini-2.5-flash",
    "concurrent_llm_worker": 20,
    "precision": 0.7923046721633294,
    "recall": 0.49315738025415445,
    "f1_score": 0.6079228799517999
  },
  "Q8": {
    "query_id": "8",
    "status": "success",
    "execution_time": 5.990981817245483,
    "token_usage": 46230.0,
    "money_cost": 0.018621,
    "row_count": 2,
    "model_name": "gemini-2.5-flash",
    "concurrent_llm_worker": 20,
    "relative_error": 0.16172506738544473,
    "absolute_error": 8.0,
    "mean_absolute_percentage_error": 16.172506738544474
  },
  "Q9": {
    "query_id": "9",
    "status": "success",
    "execution_time": 8.882715702056885,
    "token_usage": 131852.0,
    "money_cost": 0.04969319999999999,
    "row_count": 256,
    "model_name": "gemini-2.5-flash",
    "concurrent_llm_worker": 20,
    "spearman_correlation": 0.7643595515929348,
    "kendall_tau": 0.6709690240291823
  }
}