{
  "Q1": {
    "query_id": "1",
    "status": "success",
    "execution_time": 6.8735151290893555,
    "token_usage": 99167,
    "money_cost": 0.0314001,
    "row_count": 7,
    "model_name": "gemini-2.5-flash",
    "concurrent_llm_worker": 20,
    "accuracy": 1.0,
    "metric_type": "f1-score",
    "precision": 1.0,
    "recall": 1.0,
    "f1_score": 1.0
  },
  "Q10": {
    "query_id": "10",
    "status": "success",
    "execution_time": 61.504945039749146,
    "token_usage": 490004,
    "money_cost": 0.1487832,
    "row_count": 1,
    "model_name": "gemini-2.5-flash",
    "concurrent_llm_worker": 20,
    "accuracy": 0.0,
    "metric_type": "f1-score",
    "precision": 0.0,
    "recall": 0.0,
    "f1_score": 0.0
  },
  "Q11": {
    "query_id": "11",
    "status": "success",
    "execution_time": 100.38796472549438,
    "token_usage": 592379,
    "money_cost": 0.18488790000000002,
    "row_count": 972,
    "model_name": "gemini-2.5-flash",
    "concurrent_llm_worker": 20,
    "accuracy": 0.8,
    "metric_type": "f1-score",
    "precision": 0.6666666666666666,
    "recall": 1.0,
    "f1_score": 0.8
  },
  "Q12": {
    "query_id": "12",
    "status": "success",
    "execution_time": 33.98036980628967,
    "token_usage": 246027,
    "money_cost": 0.0776933,
    "row_count": 43,
    "model_name": "gemini-2.5-flash",
    "concurrent_llm_worker": 20,
    "accuracy": 0.674698795180723,
    "metric_type": "f1-score",
    "precision": 0.6511627906976745,
    "recall": 0.7,
    "f1_score": 0.674698795180723
  },
  "Q13": {
    "query_id": "13",
    "status": "success",
    "execution_time": 121.71586060523987,
    "token_usage": 724865,
    "money_cost": 0.21910949999999996,
    "row_count": 7,
    "model_name": "gemini-2.5-flash",
    "concurrent_llm_worker": 20,
    "accuracy": 0.7368421052631579,
    "metric_type": "f1-score",
    "precision": 1.0,
    "recall": 0.5833333333333334,
    "f1_score": 0.7368421052631579
  },
  "Q14": {
    "query_id": "14",
    "status": "success",
    "execution_time": 143.50808763504028,
    "token_usage": 679560,
    "money_cost": 0.20564999999999997,
    "row_count": 2,
    "model_name": "gemini-2.5-flash",
    "concurrent_llm_worker": 20,
    "accuracy": 0.6666666666666666,
    "metric_type": "f1-score",
    "precision": 1.0,
    "recall": 0.5,
    "f1_score": 0.6666666666666666
  },
  "Q2": {
    "query_id": "2",
    "status": "success",
    "execution_time": 121.41915965080261,
    "token_usage": 618698,
    "money_cost": 0.1872594,
    "row_count": 6,
    "model_name": "gemini-2.5-flash",
    "concurrent_llm_worker": 20,
    "accuracy": 0.7272727272727272,
    "metric_type": "f1-score",
    "precision": 0.6666666666666666,
    "recall": 0.8,
    "f1_score": 0.7272727272727272
  },
  "Q3": {
    "query_id": "3",
    "status": "success",
    "execution_time": 8.005186796188354,
    "token_usage": 105992,
    "money_cost": 0.0391126,
    "row_count": 250,
    "model_name": "gemini-2.5-flash",
    "concurrent_llm_worker": 20,
    "accuracy": 0.9517026256702684,
    "metric_type": "adjusted-rand-index"
  },
  "Q4": {
    "query_id": "4",
    "status": "success",
    "execution_time": 86.76363229751587,
    "token_usage": 412395,
    "money_cost": 0.1269987,
    "row_count": 164,
    "model_name": "gemini-2.5-flash",
    "concurrent_llm_worker": 20,
    "accuracy": 0.4373381479662455,
    "metric_type": "adjusted-rand-index"
  },
  "Q5": {
    "query_id": "5",
    "status": "success",
    "execution_time": 6.101630926132202,
    "token_usage": 71237,
    "money_cost": 0.0219057,
    "row_count": 122,
    "model_name": "gemini-2.5-flash",
    "concurrent_llm_worker": 20,
    "accuracy": 0.962376529895699,
    "metric_type": "adjusted-rand-index"
  },
  "Q6": {
    "query_id": "6",
    "status": "success",
    "execution_time": 77.76772546768188,
    "token_usage": 365158,
    "money_cost": 0.11007979999999999,
    "row_count": 122,
    "model_name": "gemini-2.5-flash",
    "concurrent_llm_worker": 20,
    "accuracy": 0.8157765910122409,
    "metric_type": "adjusted-rand-index"
  },
  "Q7": {
    "query_id": "7",
    "status": "success",
    "execution_time": 97.06347608566284,
    "token_usage": 562298,
    "money_cost": 0.1747306,
    "row_count": 109,
    "model_name": "gemini-2.5-flash",
    "concurrent_llm_worker": 20,
    "accuracy": 0.5643564356435643,
    "metric_type": "f1-score",
    "precision": 0.5229357798165137,
    "recall": 0.6129032258064516,
    "f1_score": 0.5643564356435643
  },
  "Q8": {
    "query_id": "8",
    "status": "success",
    "execution_time": 185.88056683540344,
    "token_usage": 2489542,
    "money_cost": 0.7534626,
    "row_count": 6,
    "model_name": "gemini-2.5-flash",
    "concurrent_llm_worker": 20,
    "accuracy": 0.4,
    "metric_type": "f1-score",
    "precision": 0.3333333333333333,
    "recall": 0.5,
    "f1_score": 0.4
  },
  "Q9": {
    "query_id": "9",
    "status": "failed",
    "execution_time": 0.0,
    "error": "Sequence length must be less than max_position_embeddings (got `sequence length`: 88 and max_position_embeddings: 77",
    "row_count": 0,
    "model_name": "gemini-2.5-flash",
    "concurrent_llm_worker": 20,
    "accuracy": 0.0,
    "metric_type": "f1-score",
    "precision": 0.0,
    "recall": 0.0,
    "f1_score": 0.0
  }
}