{
  "Q1": {
    "query_id": "1",
    "status": "success",
    "execution_time": 27.489600896835327,
    "token_usage": 210858,
    "money_cost": 0.0742552,
    "row_count": 5,
    "model_name": "gemini-2.5-flash",
    "concurrent_llm_worker": 20,
    "accuracy": 0.5,
    "metric_type": "f1-score",
    "precision": 0.6,
    "recall": 0.42857142857142855,
    "f1_score": 0.5
  },
  "Q10": {
    "query_id": "10",
    "status": "success",
    "execution_time": 93.56934809684753,
    "token_usage": 11284795,
    "money_cost": 3.4642975,
    "row_count": 11,
    "model_name": "gemini-2.5-flash",
    "concurrent_llm_worker": 20,
    "accuracy": 0.0,
    "metric_type": "f1-score",
    "precision": 0.0,
    "recall": 0.0,
    "f1_score": 0.0
  },
  "Q11": {
    "query_id": "11",
    "status": "success",
    "execution_time": 148.51491808891296,
    "token_usage": 17733123,
    "money_cost": 5.4607259,
    "row_count": 277,
    "model_name": "gemini-2.5-flash",
    "concurrent_llm_worker": 20,
    "accuracy": 0.5628997867803838,
    "metric_type": "f1-score",
    "precision": 0.47653429602888087,
    "recall": 0.6875,
    "f1_score": 0.5628997867803838
  },
  "Q12": {
    "query_id": "12",
    "status": "success",
    "execution_time": 35.79693055152893,
    "token_usage": 552692,
    "money_cost": 0.180398,
    "row_count": 108,
    "model_name": "gemini-2.5-flash",
    "concurrent_llm_worker": 20,
    "accuracy": 0.9532710280373832,
    "metric_type": "f1-score",
    "precision": 0.9444444444444444,
    "recall": 0.9622641509433962,
    "f1_score": 0.9532710280373832
  },
  "Q13": {
    "query_id": "13",
    "status": "success",
    "execution_time": 29.486029863357544,
    "token_usage": 2571203,
    "money_cost": 0.7824027,
    "row_count": 14,
    "model_name": "gemini-2.5-flash",
    "concurrent_llm_worker": 20,
    "accuracy": 0.6153846153846153,
    "metric_type": "f1-score",
    "precision": 0.5714285714285714,
    "recall": 0.6666666666666666,
    "f1_score": 0.6153846153846153
  },
  "Q14": {
    "query_id": "14",
    "status": "success",
    "execution_time": 45.26473665237427,
    "token_usage": 2671204,
    "money_cost": 0.8144203999999999,
    "row_count": 4,
    "model_name": "gemini-2.5-flash",
    "concurrent_llm_worker": 20,
    "accuracy": 0.6666666666666666,
    "metric_type": "f1-score",
    "precision": 0.6666666666666666,
    "recall": 0.6666666666666666,
    "f1_score": 0.6666666666666666
  },
  "Q2": {
    "query_id": "2",
    "status": "success",
    "execution_time": 26.490009307861328,
    "token_usage": 2276409,
    "money_cost": 0.6939116999999999,
    "row_count": 9,
    "model_name": "gemini-2.5-flash",
    "concurrent_llm_worker": 20,
    "accuracy": 0.5714285714285714,
    "metric_type": "f1-score",
    "precision": 0.4444444444444444,
    "recall": 0.8,
    "f1_score": 0.5714285714285714
  },
  "Q3": {
    "query_id": "3",
    "status": "success",
    "execution_time": 24.047810316085815,
    "token_usage": 216290,
    "money_cost": 0.0702528,
    "row_count": 999,
    "model_name": "gemini-2.5-flash",
    "concurrent_llm_worker": 20,
    "accuracy": 0.9773344283063405,
    "metric_type": "adjusted-rand-index"
  },
  "Q4": {
    "query_id": "4",
    "status": "success",
    "execution_time": 20.54856848716736,
    "token_usage": 1416277,
    "money_cost": 0.42627129999999996,
    "row_count": 602,
    "model_name": "gemini-2.5-flash",
    "concurrent_llm_worker": 20,
    "accuracy": 0.6481295610954451,
    "metric_type": "adjusted-rand-index"
  },
  "Q5": {
    "query_id": "5",
    "status": "success",
    "execution_time": 20.022718906402588,
    "token_usage": 211783,
    "money_cost": 0.0655633,
    "row_count": 467,
    "model_name": "gemini-2.5-flash",
    "concurrent_llm_worker": 20,
    "accuracy": 0.9671955999160466,
    "metric_type": "adjusted-rand-index"
  },
  "Q6": {
    "query_id": "6",
    "status": "success",
    "execution_time": 19.188388109207153,
    "token_usage": 1347395,
    "money_cost": 0.4062183,
    "row_count": 467,
    "model_name": "gemini-2.5-flash",
    "concurrent_llm_worker": 20,
    "accuracy": 0.8694165081455623,
    "metric_type": "adjusted-rand-index"
  },
  "Q7": {
    "query_id": "7",
    "status": "success",
    "execution_time": 156.46789574623108,
    "token_usage": 16145830,
    "money_cost": 5.3004624,
    "row_count": 879,
    "model_name": "gemini-2.5-flash",
    "concurrent_llm_worker": 20,
    "accuracy": 0.8268082282680822,
    "metric_type": "f1-score",
    "precision": 0.7087599544937428,
    "recall": 0.9920382165605095,
    "f1_score": 0.8268082282680822
  },
  "Q8": {
    "query_id": "8",
    "status": "success",
    "execution_time": 80.87453413009644,
    "token_usage": 27474132,
    "money_cost": 8.330442,
    "row_count": 11,
    "model_name": "gemini-2.5-flash",
    "concurrent_llm_worker": 20,
    "accuracy": 0.7368421052631579,
    "metric_type": "f1-score",
    "precision": 0.6363636363636364,
    "recall": 0.875,
    "f1_score": 0.7368421052631579
  },
  "Q9": {
    "query_id": "9",
    "status": "success",
    "execution_time": 30.40128993988037,
    "token_usage": 1245375,
    "money_cost": 0.3958875,
    "row_count": 146,
    "model_name": "gemini-2.5-flash",
    "concurrent_llm_worker": 20,
    "accuracy": 0.6028708133971292,
    "metric_type": "f1-score",
    "precision": 0.45323741007194246,
    "recall": 0.9,
    "f1_score": 0.6028708133971292
  }
}