{
  "Q1": {
    "query_id": "1",
    "status": "success",
    "execution_time": 51.488263845443726,
    "token_usage": 814313,
    "money_cost": 0.41217590000000004,
    "row_count": 5,
    "model_name": "gemini-2.5-flash",
    "concurrent_llm_worker": 20,
    "precision": 1.0,
    "recall": 1.0,
    "f1_score": 1.0
  },
  "Q10": {
    "query_id": "10",
    "status": "success",
    "execution_time": 107.86581683158875,
    "token_usage": 5455618,
    "money_cost": 1.8247722,
    "row_count": 172,
    "model_name": "gemini-2.5-flash",
    "concurrent_llm_worker": 20,
    "spearman_correlation": 0.4041453424771415,
    "kendall_tau": 0.27678574715268944
  },
  "Q2": {
    "query_id": "2",
    "status": "success",
    "execution_time": 11.084657907485962,
    "token_usage": 5817,
    "money_cost": 0.0030211,
    "row_count": 5,
    "model_name": "gemini-2.5-flash",
    "concurrent_llm_worker": 20,
    "precision": 1.0,
    "recall": 1.0,
    "f1_score": 1.0
  },
  "Q3": {
    "query_id": "3",
    "status": "success",
    "execution_time": 12.733906984329224,
    "token_usage": 6032,
    "money_cost": 0.0031295999999999997,
    "row_count": 1,
    "model_name": "gemini-2.5-flash",
    "concurrent_llm_worker": 20,
    "relative_error": 0.5714285714285714,
    "absolute_error": 8.0,
    "mean_absolute_percentage_error": 57.14285714285714
  },
  "Q4": {
    "query_id": "4",
    "status": "success",
    "execution_time": 14.832660436630249,
    "token_usage": 6032,
    "money_cost": 0.0031295999999999997,
    "row_count": 1,
    "model_name": "gemini-2.5-flash",
    "concurrent_llm_worker": 20,
    "relative_error": 0.5714285969734192,
    "absolute_error": 0.06666666716337204,
    "mean_absolute_percentage_error": 57.14285969734192
  },
  "Q5": {
    "query_id": "5",
    "status": "success",
    "execution_time": 57.32540321350098,
    "token_usage": 2638976,
    "money_cost": 1.011882,
    "row_count": 10,
    "model_name": "gemini-2.5-flash",
    "concurrent_llm_worker": 20,
    "precision": 0.8888888888888888,
    "recall": 0.8,
    "f1_score": 0.8421052631578948
  },
  "Q6": {
    "query_id": "6",
    "status": "success",
    "execution_time": 58.42230701446533,
    "token_usage": 2618673,
    "money_cost": 1.0091681000000001,
    "row_count": 10,
    "model_name": "gemini-2.5-flash",
    "concurrent_llm_worker": 20,
    "precision": 0.1,
    "recall": 0.1,
    "f1_score": 0.10000000000000002
  },
  "Q7": {
    "query_id": "7",
    "status": "success",
    "execution_time": 134.63136792182922,
    "token_usage": 5450174,
    "money_cost": 2.0968014,
    "row_count": 36236,
    "model_name": "gemini-2.5-flash",
    "concurrent_llm_worker": 20,
    "precision": 0.6062647356012125,
    "recall": 0.8797653958944281,
    "f1_score": 0.7178464606181456
  },
  "Q8": {
    "query_id": "8",
    "status": "success",
    "execution_time": 11.48717474937439,
    "token_usage": 6032,
    "money_cost": 0.0031295999999999997,
    "row_count": 2,
    "model_name": "gemini-2.5-flash",
    "concurrent_llm_worker": 20,
    "relative_error": 0.32345013477088946,
    "absolute_error": 16.0,
    "mean_absolute_percentage_error": 32.34501347708895
  },
  "Q9": {
    "query_id": "9",
    "status": "success",
    "execution_time": 16.624438524246216,
    "token_usage": 101477,
    "money_cost": 0.034110499999999995,
    "row_count": 256,
    "model_name": "gemini-2.5-flash",
    "concurrent_llm_worker": 20,
    "spearman_correlation": 0.7492613947893203,
    "kendall_tau": 0.6441776025855902
  }
}