{
  "Q1": {
    "query_id": "1",
    "status": "success",
    "execution_time": 2.521998643875122,
    "token_usage": 4948.0,
    "money_cost": 0.0016230000000000003,
    "row_count": 5,
    "model_name": "gemini-2.5-flash",
    "concurrent_llm_worker": 20,
    "precision": 1.0,
    "recall": 1.0,
    "f1_score": 1.0
  },
  "Q10": {
    "query_id": "10",
    "status": "success",
    "execution_time": 371.0540804862976,
    "token_usage": 7978121.0,
    "money_cost": 3.0269967000000406,
    "row_count": 172,
    "model_name": "gemini-2.5-flash",
    "concurrent_llm_worker": 20,
    "spearman_correlation": 0.4231644437661445,
    "kendall_tau": 0.29121709516552
  },
  "Q2": {
    "query_id": "2",
    "status": "success",
    "execution_time": 360.8310546875,
    "token_usage": 19152.0,
    "money_cost": 0.006286800000000002,
    "row_count": 5,
    "model_name": "gemini-2.5-flash",
    "concurrent_llm_worker": 20,
    "precision": 1.0,
    "recall": 1.0,
    "f1_score": 1.0
  },
  "Q3": {
    "query_id": "3",
    "status": "success",
    "execution_time": 27.035655975341797,
    "token_usage": 27990.0,
    "money_cost": 0.009189000000000004,
    "row_count": 1,
    "model_name": "gemini-2.5-flash",
    "concurrent_llm_worker": 20,
    "relative_error": 0.5714285714285714,
    "absolute_error": 8.0,
    "mean_absolute_percentage_error": 57.14285714285714
  },
  "Q4": {
    "query_id": "4",
    "status": "success",
    "execution_time": 27.856709241867065,
    "token_usage": 46830.0,
    "money_cost": 0.018800999999999988,
    "row_count": 1,
    "model_name": "gemini-2.5-flash",
    "concurrent_llm_worker": 20,
    "relative_error": 0.3571428656578064,
    "absolute_error": 0.04166666716337204,
    "mean_absolute_percentage_error": 35.71428656578064
  },
  "Q5": {
    "query_id": "5",
    "status": "success",
    "execution_time": 3.3077738285064697,
    "token_usage": 36860.0,
    "money_cost": 0.011718000000000004,
    "row_count": 10,
    "model_name": "gemini-2.5-flash",
    "concurrent_llm_worker": 20,
    "precision": 0.6666666666666666,
    "recall": 0.6,
    "f1_score": 0.631578947368421
  },
  "Q6": {
    "query_id": "6",
    "status": "success",
    "execution_time": 3.9835586547851562,
    "token_usage": 36760.0,
    "money_cost": 0.011688000000000002,
    "row_count": 10,
    "model_name": "gemini-2.5-flash",
    "concurrent_llm_worker": 20,
    "precision": 0.875,
    "recall": 0.7,
    "f1_score": 0.7777777777777777
  },
  "Q7": {
    "query_id": "7",
    "status": "success",
    "execution_time": 1534.8726680278778,
    "token_usage": 24582144.0,
    "money_cost": 7.807180799999709,
    "row_count": 12324,
    "model_name": "gemini-2.5-flash",
    "concurrent_llm_worker": 20,
    "precision": 0.8103837471783296,
    "recall": 0.43866080156402737,
    "f1_score": 0.5692088156017124
  },
  "Q8": {
    "query_id": "8",
    "status": "success",
    "execution_time": 28.229454517364502,
    "token_usage": 46230.0,
    "money_cost": 0.018620999999999995,
    "row_count": 2,
    "model_name": "gemini-2.5-flash",
    "concurrent_llm_worker": 20,
    "relative_error": 0.16172506738544473,
    "absolute_error": 8.0,
    "mean_absolute_percentage_error": 16.172506738544474
  },
  "Q9": {
    "query_id": "9",
    "status": "success",
    "execution_time": 6.428221702575684,
    "token_usage": 131852.0,
    "money_cost": 0.049693199999999986,
    "row_count": 256,
    "model_name": "gemini-2.5-flash",
    "concurrent_llm_worker": 20,
    "spearman_correlation": 0.7861907000421336,
    "kendall_tau": 0.6957127141505507
  }
}